arithmetic_mean_speedup,base_avg_ms,base_database,base_median_ms,base_p95_ms,base_success_rate,base_wins,faster,geomean_speedup,median_speedup,other_avg_ms,other_database,other_median_ms,other_p95_ms,other_success_rate,other_wins,query_count,query_id,record_type,speedup,ties,total_time_ratio
3.6493859090909093,,YMatrix,,,1.0,18,,2.4671752811995034,2.3186999999999998,,Greenplum,,,1.0,4,22,,overall,,0,2.30829829002166
1.031447090909091,,YMatrix,,,1.0,11,,0.7817878564609463,0.954253,,PostgreSQL,,,1.0,11,22,,overall,,0,0.6964953306583747
3.5127897727272726,,YMatrix,,,1.0,15,,2.0014029295631417,2.866303,,MySQL,,,1.0,7,22,,overall,,0,2.28498455388892
,141.16,YMatrix,147.92,156.39,1.0,,YMatrix,,,514.78,Greenplum,430.58,787.37,1.0,,,q1,query,2.910898,,
,285.15,YMatrix,274.28,319.81,1.0,,Greenplum,,,150.19,Greenplum,146.71,159.66,1.0,,,q10,query,0.534891,,
,87.19,YMatrix,68.85,138.36,1.0,,YMatrix,,,155.82,Greenplum,157.32,161.76,1.0,,,q11,query,2.284967,,
,63.54,YMatrix,53.7,81.11,1.0,,YMatrix,,,74.96,Greenplum,65.41,93.65,1.0,,,q12,query,1.218063,,
,48.99,YMatrix,48.55,57.71,1.0,,YMatrix,,,121.02,Greenplum,69.8,282.6,1.0,,,q13,query,1.437693,,
,26.55,YMatrix,23.99,38.83,1.0,,YMatrix,,,28.86,Greenplum,28.48,32.73,1.0,,,q14,query,1.187161,,
,46.21,YMatrix,47.82,51.79,1.0,,Greenplum,,,40.27,Greenplum,39.71,46.22,1.0,,,q15,query,0.830406,,
,25.71,YMatrix,25.48,28.74,1.0,,YMatrix,,,63.0,Greenplum,59.94,72.56,1.0,,,q16,query,2.352433,,
,126.22,YMatrix,121.84,151.85,1.0,,YMatrix,,,172.38,Greenplum,172.61,185.38,1.0,,,q17,query,1.416694,,
,411.5,YMatrix,417.6,457.32,1.0,,Greenplum,,,368.83,Greenplum,315.04,558.63,1.0,,,q18,query,0.754406,,
,7.26,YMatrix,6.91,8.73,1.0,,YMatrix,,,75.75,Greenplum,70.35,89.99,1.0,,,q19,query,10.180897,,
,70.39,YMatrix,69.49,84.12,1.0,,YMatrix,,,484.47,Greenplum,453.81,557.08,1.0,,,q2,query,6.53058,,
,262.01,YMatrix,261.03,286.55,1.0,,Greenplum,,,232.12,Greenplum,184.2,382.52,1.0,,,q20,query,0.705666,,
,69.67,YMatrix,70.39,72.35,1.0,,YMatrix,,,822.54,Greenplum,774.71,983.34,1.0,,,q21,query,11.005967,,
,38.35,YMatrix,40.34,48.31,1.0,,YMatrix,,,49.55,Greenplum,47.99,53.89,1.0,,,q22,query,1.189638,,
,36.52,YMatrix,34.3,44.01,1.0,,YMatrix,,,222.81,Greenplum,218.99,309.81,1.0,,,q3,query,6.384548,,
,20.35,YMatrix,19.93,25.95,1.0,,YMatrix,,,98.05,Greenplum,93.36,117.83,1.0,,,q4,query,4.684395,,
,43.68,YMatrix,53.96,56.6,1.0,,YMatrix,,,287.47,Greenplum,298.15,318.36,1.0,,,q5,query,5.525389,,
,24.15,YMatrix,24.09,26.22,1.0,,YMatrix,,,35.1,Greenplum,34.05,38.81,1.0,,,q6,query,1.41345,,
,32.36,YMatrix,32.01,35.8,1.0,,YMatrix,,,253.76,Greenplum,251.15,266.37,1.0,,,q7,query,7.845986,,
,79.41,YMatrix,66.89,105.28,1.0,,YMatrix,,,383.05,Greenplum,339.56,484.98,1.0,,,q8,query,5.076394,,
,65.58,YMatrix,62.0,77.06,1.0,,YMatrix,,,327.74,Greenplum,298.59,445.92,1.0,,,q9,query,4.815968,,
,141.16,YMatrix,147.92,156.39,1.0,,YMatrix,,,224.39,PostgreSQL,223.76,229.09,1.0,,,q1,query,1.51271,,
,285.15,YMatrix,274.28,319.81,1.0,,PostgreSQL,,,56.74,PostgreSQL,57.51,64.19,1.0,,,q10,query,0.209676,,
,87.19,YMatrix,68.85,138.36,1.0,,PostgreSQL,,,26.07,PostgreSQL,25.67,29.34,1.0,,,q11,query,0.37284,,
,63.54,YMatrix,53.7,81.11,1.0,,YMatrix,,,64.37,PostgreSQL,59.18,83.29,1.0,,,q12,query,1.102048,,
,48.99,YMatrix,48.55,57.71,1.0,,YMatrix,,,79.83,PostgreSQL,78.89,83.04,1.0,,,q13,query,1.624923,,
,26.55,YMatrix,23.99,38.83,1.0,,PostgreSQL,,,19.79,PostgreSQL,19.59,25.64,1.0,,,q14,query,0.81659,,
,46.21,YMatrix,47.82,51.79,1.0,,PostgreSQL,,,22.75,PostgreSQL,22.18,26.75,1.0,,,q15,query,0.463823,,
,25.71,YMatrix,25.48,28.74,1.0,,YMatrix,,,43.4,PostgreSQL,42.87,45.3,1.0,,,q16,query,1.682496,,
,126.22,YMatrix,121.84,151.85,1.0,,PostgreSQL,,,72.35,PostgreSQL,71.85,75.53,1.0,,,q17,query,0.589708,,
,411.5,YMatrix,417.6,457.32,1.0,,PostgreSQL,,,205.54,PostgreSQL,205.5,211.08,1.0,,,q18,query,0.492098,,
,7.26,YMatrix,6.91,8.73,1.0,,YMatrix,,,8.04,PostgreSQL,7.81,9.35,1.0,,,q19,query,1.130246,,
,70.39,YMatrix,69.49,84.12,1.0,,PostgreSQL,,,28.29,PostgreSQL,28.89,31.54,1.0,,,q2,query,0.415743,,
,262.01,YMatrix,261.03,286.55,1.0,,PostgreSQL,,,14.34,PostgreSQL,13.38,19.45,1.0,,,q20,query,0.051258,,
,69.67,YMatrix,70.39,72.35,1.0,,YMatrix,,,76.99,PostgreSQL,76.86,81.47,1.0,,,q21,query,1.091916,,
,38.35,YMatrix,40.34,48.31,1.0,,PostgreSQL,,,16.24,PostgreSQL,15.41,17.85,1.0,,,q22,query,0.382003,,
,36.52,YMatrix,34.3,44.01,1.0,,YMatrix,,,66.28,PostgreSQL,61.07,81.26,1.0,,,q3,query,1.780466,,
,20.35,YMatrix,19.93,25.95,1.0,,YMatrix,,,35.23,PostgreSQL,34.93,37.53,1.0,,,q4,query,1.752634,,
,43.68,YMatrix,53.96,56.6,1.0,,PostgreSQL,,,37.16,PostgreSQL,37.22,37.35,1.0,,,q5,query,0.68977,,
,24.15,YMatrix,24.09,26.22,1.0,,YMatrix,,,42.65,PostgreSQL,42.12,46.89,1.0,,,q6,query,1.748443,,
,32.36,YMatrix,32.01,35.8,1.0,,YMatrix,,,55.39,PostgreSQL,55.34,58.33,1.0,,,q7,query,1.728835,,
,79.41,YMatrix,66.89,105.28,1.0,,PostgreSQL,,,52.45,PostgreSQL,50.56,59.16,1.0,,,q8,query,0.755868,,
,65.58,YMatrix,62.0,77.06,1.0,,YMatrix,,,154.38,PostgreSQL,142.46,186.93,1.0,,,q9,query,2.297742,,
,141.16,YMatrix,147.92,156.39,1.0,,YMatrix,,,857.61,MySQL,851.59,878.18,1.0,,,q1,query,5.757098,,
,285.15,YMatrix,274.28,319.81,1.0,,MySQL,,,87.67,MySQL,85.8,116.42,1.0,,,q10,query,0.312819,,
,87.19,YMatrix,68.85,138.36,1.0,,YMatrix,,,228.81,MySQL,224.49,253.28,1.0,,,q11,query,3.260566,,
,63.54,YMatrix,53.7,81.11,1.0,,YMatrix,,,292.77,MySQL,281.61,319.15,1.0,,,q12,query,5.244134,,
,48.99,YMatrix,48.55,57.71,1.0,,YMatrix,,,340.6,MySQL,299.83,471.81,1.0,,,q13,query,6.175695,,
,26.55,YMatrix,23.99,38.83,1.0,,YMatrix,,,82.93,MySQL,86.13,104.3,1.0,,,q14,query,3.590246,,
,46.21,YMatrix,47.82,51.79,1.0,,YMatrix,,,170.39,MySQL,168.38,219.57,1.0,,,q15,query,3.521121,,
,25.71,YMatrix,25.48,28.74,1.0,,YMatrix,,,43.04,MySQL,36.56,62.14,1.0,,,q16,query,1.434851,,
,126.22,YMatrix,121.84,151.85,1.0,,MySQL,,,59.62,MySQL,63.75,77.24,1.0,,,q17,query,0.523227,,
,411.5,YMatrix,417.6,457.32,1.0,,MySQL,,,258.66,MySQL,257.51,302.25,1.0,,,q18,query,0.616643,,
,7.26,YMatrix,6.91,8.73,1.0,,YMatrix,,,25.47,MySQL,27.66,32.44,1.0,,,q19,query,4.002894,,
,70.39,YMatrix,69.49,84.12,1.0,,MySQL,,,16.61,MySQL,14.88,21.36,1.0,,,q2,query,0.214132,,
,262.01,YMatrix,261.03,286.55,1.0,,MySQL,,,64.33,MySQL,56.7,116.53,1.0,,,q20,query,0.217216,,
,69.67,YMatrix,70.39,72.35,1.0,,YMatrix,,,706.52,MySQL,707.49,814.43,1.0,,,q21,query,10.051002,,
,38.35,YMatrix,40.34,48.31,1.0,,MySQL,,,26.54,MySQL,16.76,54.88,1.0,,,q22,query,0.415469,,
,36.52,YMatrix,34.3,44.01,1.0,,YMatrix,,,259.38,MySQL,232.78,404.21,1.0,,,q3,query,6.786589,,
,20.35,YMatrix,19.93,25.95,1.0,,YMatrix,,,60.57,MySQL,39.92,133.43,1.0,,,q4,query,2.003011,,
,43.68,YMatrix,53.96,56.6,1.0,,YMatrix,,,130.61,MySQL,103.36,214.44,1.0,,,q5,query,1.915493,,
,24.15,YMatrix,24.09,26.22,1.0,,YMatrix,,,195.55,MySQL,189.45,214.53,1.0,,,q6,query,7.864259,,
,32.36,YMatrix,32.01,35.8,1.0,,YMatrix,,,87.06,MySQL,79.13,110.58,1.0,,,q7,query,2.47204,,
,79.41,YMatrix,66.89,105.28,1.0,,MySQL,,,70.1,MySQL,65.55,110.15,1.0,,,q8,query,0.979967,,
,65.58,YMatrix,62.0,77.06,1.0,,YMatrix,,,754.5,MySQL,615.22,1145.38,1.0,,,q9,query,9.922903,,
