database,query_id,round_num,start_time,end_time,elapsed_ms,row_count,result_hash,success,error_message
YMatrix,q3,1,2026-08-04T04:05:21.450+00:00,2026-08-04T04:05:21.484+00:00,33.19,10,488b5292812c953c6be9763511c856b3e10b11829deb30c1bb1f505ba568402b,True,
YMatrix,q11,1,2026-08-04T04:05:21.484+00:00,2026-08-04T04:05:21.650+00:00,152.86,2541,3db7d53827190857328a4fdc4d52c9fa4bf0a5716ac267623c1e7ef6459a4373,True,
YMatrix,q14,1,2026-08-04T04:05:21.650+00:00,2026-08-04T04:05:21.714+00:00,42.5,1,cc146f704c1fe2fd031ef46c782a668650161668ef04b4cb6850fe029f576d66,True,
YMatrix,q20,1,2026-08-04T04:05:21.714+00:00,2026-08-04T04:05:22.009+00:00,292.54,9,103b073204ade8735df56b98bd5f8d4bcc5117a308cea568948ab9c1ae73f66b,True,
YMatrix,q18,1,2026-08-04T04:05:22.009+00:00,2026-08-04T04:05:22.394+00:00,367.66,5,a453ae8127ad1700722b5a8ff363bc7b3632bb2fa0490cdc74eddcdf156ec65a,True,
YMatrix,q22,1,2026-08-04T04:05:22.394+00:00,2026-08-04T04:05:22.472+00:00,49.11,7,fdfb6921ca2a1f59f2b8b250a64d637c968d0f223b7ec6c5e4560f860a53180c,True,
YMatrix,q17,1,2026-08-04T04:05:22.472+00:00,2026-08-04T04:05:22.588+00:00,114.27,1,9a3d1f3f694155da1dc0635e8777f636e07f15f895916bc0328a0fdce877187f,True,
YMatrix,q13,1,2026-08-04T04:05:22.588+00:00,2026-08-04T04:05:22.627+00:00,36.1,37,42bb5b9d31ec606514a576fd0407ed6d51e63e11a1e1ea05c6039d89c29e8ee2,True,
YMatrix,q6,1,2026-08-04T04:05:22.627+00:00,2026-08-04T04:05:22.655+00:00,26.59,1,2cdce46c156af217b6a76401d58b94624f8493520129e4b1e90830abc0643712,True,
YMatrix,q7,1,2026-08-04T04:05:22.655+00:00,2026-08-04T04:05:22.689+00:00,32.01,4,6716e14755d4f5d95a6646ea58876b2b4239017cb84cf14b281ca4bdea3a394b,True,
YMatrix,q9,1,2026-08-04T04:05:22.689+00:00,2026-08-04T04:05:22.754+00:00,58.53,175,ebb16612aaba53a9a6d425d973c561e5dd7a1b70c4f32ba19680835f9bb7f5f2,True,
YMatrix,q1,1,2026-08-04T04:05:22.754+00:00,2026-08-04T04:05:22.915+00:00,158.03,4,4a63e850889beb8075f235a4ed15f79e0d08baf28d73d388c6b16b0106ddefe7,True,
YMatrix,q16,1,2026-08-04T04:05:22.915+00:00,2026-08-04T04:05:22.951+00:00,25.48,2762,9681ce56918cd7141173026d87c26c9fd87afc62c46b45a2dbc5be1ef159a9b1,True,
YMatrix,q8,1,2026-08-04T04:05:22.951+00:00,2026-08-04T04:05:23.049+00:00,96.3,2,c60f2018a2cde9154f10ae17f3359590459867a81d2726859d9d85bad7e23aff,True,
YMatrix,q21,1,2026-08-04T04:05:23.049+00:00,2026-08-04T04:05:23.132+00:00,71.73,47,86efdec346cfebe32bacff5819615897f64fddcba4af9d82f5de544798cd2962,True,
YMatrix,q19,1,2026-08-04T04:05:23.132+00:00,2026-08-04T04:05:23.142+00:00,6.91,1,3e9305f88a3aef222e9d019af6a2e6f40303e9c9bf11a50d1562324a2d9f9e87,True,
YMatrix,q4,1,2026-08-04T04:05:23.142+00:00,2026-08-04T04:05:23.166+00:00,19.93,5,607206b8c5dc00a59ce05f563a151cd1cf956663ca50fa4d396ccb61b6a3503c,True,
YMatrix,q12,1,2026-08-04T04:05:23.166+00:00,2026-08-04T04:05:23.229+00:00,53.7,2,eff0114ecfe105cd72843038cb84bcc3fac7bf1f70ec22e5b279e9bc5f49021c,True,
YMatrix,q15,1,2026-08-04T04:05:23.229+00:00,2026-08-04T04:05:23.283+00:00,50.57,1,2696a2b1087e0db9ee3147b7dd4aa013894d005203cbc28cee3b704d7daded4a,True,
YMatrix,q5,1,2026-08-04T04:05:23.283+00:00,2026-08-04T04:05:23.338+00:00,53.96,5,92e68b5940711975eadfef9cebcb6626c1b529a23731481d64f34508cc256489,True,
YMatrix,q10,1,2026-08-04T04:05:23.338+00:00,2026-08-04T04:05:23.591+00:00,248.98,20,77da45dd0218922612cd92c6f16e238b4184b43e42c5a0d1a3c37503d4954092,True,
YMatrix,q2,1,2026-08-04T04:05:23.592+00:00,2026-08-04T04:05:23.684+00:00,69.49,44,d7c945bcad8db1ca27d3ba6d14645d189d8cbf2e2ceac247d95e4cdc8f5ed661,True,
YMatrix,q11,2,2026-08-04T04:05:23.684+00:00,2026-08-04T04:05:23.787+00:00,80.37,2541,3db7d53827190857328a4fdc4d52c9fa4bf0a5716ac267623c1e7ef6459a4373,True,
YMatrix,q9,2,2026-08-04T04:05:23.787+00:00,2026-08-04T04:05:23.871+00:00,79.6,175,ebb16612aaba53a9a6d425d973c561e5dd7a1b70c4f32ba19680835f9bb7f5f2,True,
YMatrix,q20,2,2026-08-04T04:05:23.871+00:00,2026-08-04T04:05:24.121+00:00,248.05,9,103b073204ade8735df56b98bd5f8d4bcc5117a308cea568948ab9c1ae73f66b,True,
YMatrix,q21,2,2026-08-04T04:05:24.121+00:00,2026-08-04T04:05:24.244+00:00,70.39,47,86efdec346cfebe32bacff5819615897f64fddcba4af9d82f5de544798cd2962,True,
YMatrix,q16,2,2026-08-04T04:05:24.244+00:00,2026-08-04T04:05:24.296+00:00,25.19,2762,9681ce56918cd7141173026d87c26c9fd87afc62c46b45a2dbc5be1ef159a9b1,True,
YMatrix,q15,2,2026-08-04T04:05:24.296+00:00,2026-08-04T04:05:24.344+00:00,46.93,1,2696a2b1087e0db9ee3147b7dd4aa013894d005203cbc28cee3b704d7daded4a,True,
YMatrix,q7,2,2026-08-04T04:05:24.345+00:00,2026-08-04T04:05:24.376+00:00,30.46,4,6716e14755d4f5d95a6646ea58876b2b4239017cb84cf14b281ca4bdea3a394b,True,
YMatrix,q3,2,2026-08-04T04:05:24.376+00:00,2026-08-04T04:05:24.425+00:00,45.76,10,488b5292812c953c6be9763511c856b3e10b11829deb30c1bb1f505ba568402b,True,
YMatrix,q12,2,2026-08-04T04:05:24.425+00:00,2026-08-04T04:05:24.512+00:00,81.72,2,eff0114ecfe105cd72843038cb84bcc3fac7bf1f70ec22e5b279e9bc5f49021c,True,
YMatrix,q22,2,2026-08-04T04:05:24.512+00:00,2026-08-04T04:05:24.546+00:00,32.38,7,fdfb6921ca2a1f59f2b8b250a64d637c968d0f223b7ec6c5e4560f860a53180c,True,
YMatrix,q10,2,2026-08-04T04:05:24.547+00:00,2026-08-04T04:05:24.820+00:00,269.59,20,77da45dd0218922612cd92c6f16e238b4184b43e42c5a0d1a3c37503d4954092,True,
YMatrix,q2,2,2026-08-04T04:05:24.826+00:00,2026-08-04T04:05:24.919+00:00,71.98,44,d7c945bcad8db1ca27d3ba6d14645d189d8cbf2e2ceac247d95e4cdc8f5ed661,True,
YMatrix,q19,2,2026-08-04T04:05:24.919+00:00,2026-08-04T04:05:24.931+00:00,7.27,1,3e9305f88a3aef222e9d019af6a2e6f40303e9c9bf11a50d1562324a2d9f9e87,True,
YMatrix,q1,2,2026-08-04T04:05:24.931+00:00,2026-08-04T04:05:25.080+00:00,147.92,4,4a63e850889beb8075f235a4ed15f79e0d08baf28d73d388c6b16b0106ddefe7,True,
YMatrix,q5,2,2026-08-04T04:05:25.081+00:00,2026-08-04T04:05:25.140+00:00,56.5,5,92e68b5940711975eadfef9cebcb6626c1b529a23731481d64f34508cc256489,True,
YMatrix,q8,2,2026-08-04T04:05:25.140+00:00,2026-08-04T04:05:25.210+00:00,66.89,2,c60f2018a2cde9154f10ae17f3359590459867a81d2726859d9d85bad7e23aff,True,
YMatrix,q13,2,2026-08-04T04:05:25.211+00:00,2026-08-04T04:05:25.274+00:00,58.17,37,42bb5b9d31ec606514a576fd0407ed6d51e63e11a1e1ea05c6039d89c29e8ee2,True,
YMatrix,q6,2,2026-08-04T04:05:25.275+00:00,2026-08-04T04:05:25.306+00:00,24.09,1,2cdce46c156af217b6a76401d58b94624f8493520129e4b1e90830abc0643712,True,
YMatrix,q4,2,2026-08-04T04:05:25.306+00:00,2026-08-04T04:05:25.322+00:00,14.68,5,607206b8c5dc00a59ce05f563a151cd1cf956663ca50fa4d396ccb61b6a3503c,True,
YMatrix,q18,2,2026-08-04T04:05:25.322+00:00,2026-08-04T04:05:25.759+00:00,432.83,5,a453ae8127ad1700722b5a8ff363bc7b3632bb2fa0490cdc74eddcdf156ec65a,True,
YMatrix,q17,2,2026-08-04T04:05:25.759+00:00,2026-08-04T04:05:25.899+00:00,121.84,1,9a3d1f3f694155da1dc0635e8777f636e07f15f895916bc0328a0fdce877187f,True,
YMatrix,q14,2,2026-08-04T04:05:25.900+00:00,2026-08-04T04:05:25.927+00:00,23.84,1,cc146f704c1fe2fd031ef46c782a668650161668ef04b4cb6850fe029f576d66,True,
YMatrix,q18,3,2026-08-04T04:05:25.927+00:00,2026-08-04T04:05:26.347+00:00,417.6,5,a453ae8127ad1700722b5a8ff363bc7b3632bb2fa0490cdc74eddcdf156ec65a,True,
YMatrix,q19,3,2026-08-04T04:05:26.347+00:00,2026-08-04T04:05:26.387+00:00,9.09,1,3e9305f88a3aef222e9d019af6a2e6f40303e9c9bf11a50d1562324a2d9f9e87,True,
YMatrix,q4,3,2026-08-04T04:05:26.387+00:00,2026-08-04T04:05:26.416+00:00,26.35,5,607206b8c5dc00a59ce05f563a151cd1cf956663ca50fa4d396ccb61b6a3503c,True,
YMatrix,q13,3,2026-08-04T04:05:26.416+00:00,2026-08-04T04:05:26.468+00:00,48.55,37,42bb5b9d31ec606514a576fd0407ed6d51e63e11a1e1ea05c6039d89c29e8ee2,True,
YMatrix,q12,3,2026-08-04T04:05:26.468+00:00,2026-08-04T04:05:26.522+00:00,52.84,2,eff0114ecfe105cd72843038cb84bcc3fac7bf1f70ec22e5b279e9bc5f49021c,True,
YMatrix,q6,3,2026-08-04T04:05:26.523+00:00,2026-08-04T04:05:26.550+00:00,24.75,1,2cdce46c156af217b6a76401d58b94624f8493520129e4b1e90830abc0643712,True,
YMatrix,q7,3,2026-08-04T04:05:26.551+00:00,2026-08-04T04:05:26.582+00:00,30.03,4,6716e14755d4f5d95a6646ea58876b2b4239017cb84cf14b281ca4bdea3a394b,True,
YMatrix,q17,3,2026-08-04T04:05:26.582+00:00,2026-08-04T04:05:26.744+00:00,158.29,1,9a3d1f3f694155da1dc0635e8777f636e07f15f895916bc0328a0fdce877187f,True,
YMatrix,q20,3,2026-08-04T04:05:26.744+00:00,2026-08-04T04:05:27.008+00:00,262.58,9,103b073204ade8735df56b98bd5f8d4bcc5117a308cea568948ab9c1ae73f66b,True,
YMatrix,q5,3,2026-08-04T04:05:27.008+00:00,2026-08-04T04:05:27.082+00:00,56.63,5,92e68b5940711975eadfef9cebcb6626c1b529a23731481d64f34508cc256489,True,
YMatrix,q21,3,2026-08-04T04:05:27.082+00:00,2026-08-04T04:05:27.157+00:00,72.51,47,86efdec346cfebe32bacff5819615897f64fddcba4af9d82f5de544798cd2962,True,
YMatrix,q15,3,2026-08-04T04:05:27.157+00:00,2026-08-04T04:05:27.206+00:00,47.82,1,2696a2b1087e0db9ee3147b7dd4aa013894d005203cbc28cee3b704d7daded4a,True,
YMatrix,q8,3,2026-08-04T04:05:27.207+00:00,2026-08-04T04:05:27.318+00:00,107.53,2,c60f2018a2cde9154f10ae17f3359590459867a81d2726859d9d85bad7e23aff,True,
YMatrix,q2,3,2026-08-04T04:05:27.321+00:00,2026-08-04T04:05:27.387+00:00,61.47,44,d7c945bcad8db1ca27d3ba6d14645d189d8cbf2e2ceac247d95e4cdc8f5ed661,True,
YMatrix,q1,3,2026-08-04T04:05:27.387+00:00,2026-08-04T04:05:27.521+00:00,129.18,4,4a63e850889beb8075f235a4ed15f79e0d08baf28d73d388c6b16b0106ddefe7,True,
YMatrix,q11,3,2026-08-04T04:05:27.521+00:00,2026-08-04T04:05:27.616+00:00,68.85,2541,3db7d53827190857328a4fdc4d52c9fa4bf0a5716ac267623c1e7ef6459a4373,True,
YMatrix,q10,3,2026-08-04T04:05:27.616+00:00,2026-08-04T04:05:27.894+00:00,274.28,20,77da45dd0218922612cd92c6f16e238b4184b43e42c5a0d1a3c37503d4954092,True,
YMatrix,q3,3,2026-08-04T04:05:27.895+00:00,2026-08-04T04:05:27.950+00:00,37.02,10,488b5292812c953c6be9763511c856b3e10b11829deb30c1bb1f505ba568402b,True,
YMatrix,q22,3,2026-08-04T04:05:27.950+00:00,2026-08-04T04:05:27.992+00:00,40.34,7,fdfb6921ca2a1f59f2b8b250a64d637c968d0f223b7ec6c5e4560f860a53180c,True,
YMatrix,q16,3,2026-08-04T04:05:27.992+00:00,2026-08-04T04:05:28.029+00:00,29.27,2762,9681ce56918cd7141173026d87c26c9fd87afc62c46b45a2dbc5be1ef159a9b1,True,
YMatrix,q14,3,2026-08-04T04:05:28.030+00:00,2026-08-04T04:05:28.055+00:00,23.99,1,cc146f704c1fe2fd031ef46c782a668650161668ef04b4cb6850fe029f576d66,True,
YMatrix,q9,3,2026-08-04T04:05:28.055+00:00,2026-08-04T04:05:28.120+00:00,62.0,175,ebb16612aaba53a9a6d425d973c561e5dd7a1b70c4f32ba19680835f9bb7f5f2,True,
YMatrix,q14,4,2026-08-04T04:05:28.120+00:00,2026-08-04T04:05:28.141+00:00,18.27,1,cc146f704c1fe2fd031ef46c782a668650161668ef04b4cb6850fe029f576d66,True,
YMatrix,q16,4,2026-08-04T04:05:28.142+00:00,2026-08-04T04:05:28.176+00:00,21.99,2762,9681ce56918cd7141173026d87c26c9fd87afc62c46b45a2dbc5be1ef159a9b1,True,
YMatrix,q4,4,2026-08-04T04:05:28.176+00:00,2026-08-04T04:05:28.204+00:00,24.33,5,607206b8c5dc00a59ce05f563a151cd1cf956663ca50fa4d396ccb61b6a3503c,True,
YMatrix,q22,4,2026-08-04T04:05:28.204+00:00,2026-08-04T04:05:28.231+00:00,24.77,7,fdfb6921ca2a1f59f2b8b250a64d637c968d0f223b7ec6c5e4560f860a53180c,True,
YMatrix,q15,4,2026-08-04T04:05:28.231+00:00,2026-08-04T04:05:28.266+00:00,33.64,1,2696a2b1087e0db9ee3147b7dd4aa013894d005203cbc28cee3b704d7daded4a,True,
YMatrix,q18,4,2026-08-04T04:05:28.266+00:00,2026-08-04T04:05:28.644+00:00,375.99,5,a453ae8127ad1700722b5a8ff363bc7b3632bb2fa0490cdc74eddcdf156ec65a,True,
YMatrix,q7,4,2026-08-04T04:05:28.644+00:00,2026-08-04T04:05:28.710+00:00,32.76,4,6716e14755d4f5d95a6646ea58876b2b4239017cb84cf14b281ca4bdea3a394b,True,
YMatrix,q11,4,2026-08-04T04:05:28.710+00:00,2026-08-04T04:05:28.802+00:00,68.68,2541,3db7d53827190857328a4fdc4d52c9fa4bf0a5716ac267623c1e7ef6459a4373,True,
YMatrix,q6,4,2026-08-04T04:05:28.803+00:00,2026-08-04T04:05:28.830+00:00,23.93,1,2cdce46c156af217b6a76401d58b94624f8493520129e4b1e90830abc0643712,True,
YMatrix,q20,4,2026-08-04T04:05:28.830+00:00,2026-08-04T04:05:29.094+00:00,261.03,9,103b073204ade8735df56b98bd5f8d4bcc5117a308cea568948ab9c1ae73f66b,True,
YMatrix,q12,4,2026-08-04T04:05:29.094+00:00,2026-08-04T04:05:29.190+00:00,78.68,2,eff0114ecfe105cd72843038cb84bcc3fac7bf1f70ec22e5b279e9bc5f49021c,True,
YMatrix,q1,4,2026-08-04T04:05:29.190+00:00,2026-08-04T04:05:29.342+00:00,149.85,4,4a63e850889beb8075f235a4ed15f79e0d08baf28d73d388c6b16b0106ddefe7,True,
YMatrix,q21,4,2026-08-04T04:05:29.343+00:00,2026-08-04T04:05:29.445+00:00,69.98,47,86efdec346cfebe32bacff5819615897f64fddcba4af9d82f5de544798cd2962,True,
YMatrix,q9,4,2026-08-04T04:05:29.446+00:00,2026-08-04T04:05:29.510+00:00,60.88,175,ebb16612aaba53a9a6d425d973c561e5dd7a1b70c4f32ba19680835f9bb7f5f2,True,
YMatrix,q10,4,2026-08-04T04:05:29.511+00:00,2026-08-04T04:05:29.824+00:00,310.83,20,77da45dd0218922612cd92c6f16e238b4184b43e42c5a0d1a3c37503d4954092,True,
YMatrix,q5,4,2026-08-04T04:05:29.824+00:00,2026-08-04T04:05:29.915+00:00,30.93,5,92e68b5940711975eadfef9cebcb6626c1b529a23731481d64f34508cc256489,True,
YMatrix,q17,4,2026-08-04T04:05:29.915+00:00,2026-08-04T04:05:30.043+00:00,126.1,1,9a3d1f3f694155da1dc0635e8777f636e07f15f895916bc0328a0fdce877187f,True,
YMatrix,q8,4,2026-08-04T04:05:30.043+00:00,2026-08-04T04:05:30.110+00:00,65.37,2,c60f2018a2cde9154f10ae17f3359590459867a81d2726859d9d85bad7e23aff,True,
YMatrix,q19,4,2026-08-04T04:05:30.110+00:00,2026-08-04T04:05:30.122+00:00,6.48,1,3e9305f88a3aef222e9d019af6a2e6f40303e9c9bf11a50d1562324a2d9f9e87,True,
YMatrix,q2,4,2026-08-04T04:05:30.122+00:00,2026-08-04T04:05:30.190+00:00,61.84,44,d7c945bcad8db1ca27d3ba6d14645d189d8cbf2e2ceac247d95e4cdc8f5ed661,True,
YMatrix,q13,4,2026-08-04T04:05:30.190+00:00,2026-08-04T04:05:30.250+00:00,55.87,37,42bb5b9d31ec606514a576fd0407ed6d51e63e11a1e1ea05c6039d89c29e8ee2,True,
YMatrix,q3,4,2026-08-04T04:05:30.251+00:00,2026-08-04T04:05:30.286+00:00,32.34,10,488b5292812c953c6be9763511c856b3e10b11829deb30c1bb1f505ba568402b,True,
YMatrix,q5,5,2026-08-04T04:05:30.286+00:00,2026-08-04T04:05:30.308+00:00,20.39,5,92e68b5940711975eadfef9cebcb6626c1b529a23731481d64f34508cc256489,True,
YMatrix,q6,5,2026-08-04T04:05:30.309+00:00,2026-08-04T04:05:30.331+00:00,21.39,1,2cdce46c156af217b6a76401d58b94624f8493520129e4b1e90830abc0643712,True,
YMatrix,q8,5,2026-08-04T04:05:30.331+00:00,2026-08-04T04:05:30.394+00:00,60.96,2,c60f2018a2cde9154f10ae17f3359590459867a81d2726859d9d85bad7e23aff,True,
YMatrix,q22,5,2026-08-04T04:05:30.394+00:00,2026-08-04T04:05:30.443+00:00,45.13,7,fdfb6921ca2a1f59f2b8b250a64d637c968d0f223b7ec6c5e4560f860a53180c,True,
YMatrix,q4,5,2026-08-04T04:05:30.443+00:00,2026-08-04T04:05:30.464+00:00,16.47,5,607206b8c5dc00a59ce05f563a151cd1cf956663ca50fa4d396ccb61b6a3503c,True,
YMatrix,q21,5,2026-08-04T04:05:30.464+00:00,2026-08-04T04:05:30.532+00:00,63.75,47,86efdec346cfebe32bacff5819615897f64fddcba4af9d82f5de544798cd2962,True,
YMatrix,q19,5,2026-08-04T04:05:30.532+00:00,2026-08-04T04:05:30.540+00:00,6.56,1,3e9305f88a3aef222e9d019af6a2e6f40303e9c9bf11a50d1562324a2d9f9e87,True,
YMatrix,q2,5,2026-08-04T04:05:30.541+00:00,2026-08-04T04:05:30.631+00:00,87.16,44,d7c945bcad8db1ca27d3ba6d14645d189d8cbf2e2ceac247d95e4cdc8f5ed661,True,
YMatrix,q17,5,2026-08-04T04:05:30.631+00:00,2026-08-04T04:05:30.748+00:00,110.58,1,9a3d1f3f694155da1dc0635e8777f636e07f15f895916bc0328a0fdce877187f,True,
YMatrix,q13,5,2026-08-04T04:05:30.748+00:00,2026-08-04T04:05:30.796+00:00,46.28,37,42bb5b9d31ec606514a576fd0407ed6d51e63e11a1e1ea05c6039d89c29e8ee2,True,
YMatrix,q1,5,2026-08-04T04:05:30.797+00:00,2026-08-04T04:05:30.920+00:00,120.84,4,4a63e850889beb8075f235a4ed15f79e0d08baf28d73d388c6b16b0106ddefe7,True,
YMatrix,q10,5,2026-08-04T04:05:30.920+00:00,2026-08-04T04:05:31.245+00:00,322.06,20,77da45dd0218922612cd92c6f16e238b4184b43e42c5a0d1a3c37503d4954092,True,
YMatrix,q20,5,2026-08-04T04:05:31.245+00:00,2026-08-04T04:05:31.541+00:00,245.86,9,103b073204ade8735df56b98bd5f8d4bcc5117a308cea568948ab9c1ae73f66b,True,
YMatrix,q7,5,2026-08-04T04:05:31.541+00:00,2026-08-04T04:05:31.619+00:00,36.56,4,6716e14755d4f5d95a6646ea58876b2b4239017cb84cf14b281ca4bdea3a394b,True,
YMatrix,q16,5,2026-08-04T04:05:31.621+00:00,2026-08-04T04:05:31.681+00:00,26.61,2762,9681ce56918cd7141173026d87c26c9fd87afc62c46b45a2dbc5be1ef159a9b1,True,
YMatrix,q9,5,2026-08-04T04:05:31.681+00:00,2026-08-04T04:05:31.750+00:00,66.91,175,ebb16612aaba53a9a6d425d973c561e5dd7a1b70c4f32ba19680835f9bb7f5f2,True,
YMatrix,q11,5,2026-08-04T04:05:31.750+00:00,2026-08-04T04:05:31.823+00:00,65.21,2541,3db7d53827190857328a4fdc4d52c9fa4bf0a5716ac267623c1e7ef6459a4373,True,
YMatrix,q15,5,2026-08-04T04:05:31.823+00:00,2026-08-04T04:05:31.880+00:00,52.09,1,2696a2b1087e0db9ee3147b7dd4aa013894d005203cbc28cee3b704d7daded4a,True,
YMatrix,q18,5,2026-08-04T04:05:31.881+00:00,2026-08-04T04:05:32.346+00:00,463.44,5,a453ae8127ad1700722b5a8ff363bc7b3632bb2fa0490cdc74eddcdf156ec65a,True,
YMatrix,q14,5,2026-08-04T04:05:32.346+00:00,2026-08-04T04:05:32.401+00:00,24.14,1,cc146f704c1fe2fd031ef46c782a668650161668ef04b4cb6850fe029f576d66,True,
YMatrix,q3,5,2026-08-04T04:05:32.401+00:00,2026-08-04T04:05:32.437+00:00,34.3,10,488b5292812c953c6be9763511c856b3e10b11829deb30c1bb1f505ba568402b,True,
YMatrix,q12,5,2026-08-04T04:05:32.437+00:00,2026-08-04T04:05:32.490+00:00,50.74,2,eff0114ecfe105cd72843038cb84bcc3fac7bf1f70ec22e5b279e9bc5f49021c,True,
Greenplum,q3,1,2026-08-04T04:05:38.864+00:00,2026-08-04T04:05:39.085+00:00,218.99,10,488b5292812c953c6be9763511c856b3e10b11829deb30c1bb1f505ba568402b,True,
Greenplum,q11,1,2026-08-04T04:05:39.085+00:00,2026-08-04T04:05:39.276+00:00,162.13,2541,3db7d53827190857328a4fdc4d52c9fa4bf0a5716ac267623c1e7ef6459a4373,True,
Greenplum,q14,1,2026-08-04T04:05:39.276+00:00,2026-08-04T04:05:39.306+00:00,28.46,1,cc146f704c1fe2fd031ef46c782a668650161668ef04b4cb6850fe029f576d66,True,
Greenplum,q20,1,2026-08-04T04:05:39.306+00:00,2026-08-04T04:05:39.504+00:00,196.26,9,103b073204ade8735df56b98bd5f8d4bcc5117a308cea568948ab9c1ae73f66b,True,
Greenplum,q18,1,2026-08-04T04:05:39.504+00:00,2026-08-04T04:05:39.821+00:00,315.04,5,a453ae8127ad1700722b5a8ff363bc7b3632bb2fa0490cdc74eddcdf156ec65a,True,
Greenplum,q22,1,2026-08-04T04:05:39.822+00:00,2026-08-04T04:05:39.870+00:00,46.69,7,fdfb6921ca2a1f59f2b8b250a64d637c968d0f223b7ec6c5e4560f860a53180c,True,
Greenplum,q17,1,2026-08-04T04:05:39.870+00:00,2026-08-04T04:05:40.034+00:00,161.67,1,9a3d1f3f694155da1dc0635e8777f636e07f15f895916bc0328a0fdce877187f,True,
Greenplum,q13,1,2026-08-04T04:05:40.034+00:00,2026-08-04T04:05:40.102+00:00,65.46,37,42bb5b9d31ec606514a576fd0407ed6d51e63e11a1e1ea05c6039d89c29e8ee2,True,
Greenplum,q6,1,2026-08-04T04:05:40.102+00:00,2026-08-04T04:05:40.136+00:00,33.06,1,2cdce46c156af217b6a76401d58b94624f8493520129e4b1e90830abc0643712,True,
Greenplum,q7,1,2026-08-04T04:05:40.136+00:00,2026-08-04T04:05:40.386+00:00,248.52,4,6716e14755d4f5d95a6646ea58876b2b4239017cb84cf14b281ca4bdea3a394b,True,
Greenplum,q9,1,2026-08-04T04:05:40.386+00:00,2026-08-04T04:05:40.675+00:00,280.49,175,ebb16612aaba53a9a6d425d973c561e5dd7a1b70c4f32ba19680835f9bb7f5f2,True,
Greenplum,q1,1,2026-08-04T04:05:40.676+00:00,2026-08-04T04:05:41.096+00:00,418.49,4,4a63e850889beb8075f235a4ed15f79e0d08baf28d73d388c6b16b0106ddefe7,True,
Greenplum,q16,1,2026-08-04T04:05:41.096+00:00,2026-08-04T04:05:41.164+00:00,59.94,2762,9681ce56918cd7141173026d87c26c9fd87afc62c46b45a2dbc5be1ef159a9b1,True,
Greenplum,q8,1,2026-08-04T04:05:41.164+00:00,2026-08-04T04:05:41.588+00:00,421.68,2,c60f2018a2cde9154f10ae17f3359590459867a81d2726859d9d85bad7e23aff,True,
Greenplum,q21,1,2026-08-04T04:05:41.588+00:00,2026-08-04T04:05:42.627+00:00,1028.69,47,86efdec346cfebe32bacff5819615897f64fddcba4af9d82f5de544798cd2962,True,
Greenplum,q19,1,2026-08-04T04:05:42.627+00:00,2026-08-04T04:05:42.723+00:00,93.09,1,3e9305f88a3aef222e9d019af6a2e6f40303e9c9bf11a50d1562324a2d9f9e87,True,
Greenplum,q4,1,2026-08-04T04:05:42.724+00:00,2026-08-04T04:05:42.848+00:00,122.62,5,607206b8c5dc00a59ce05f563a151cd1cf956663ca50fa4d396ccb61b6a3503c,True,
Greenplum,q12,1,2026-08-04T04:05:42.848+00:00,2026-08-04T04:05:42.945+00:00,94.36,2,eff0114ecfe105cd72843038cb84bcc3fac7bf1f70ec22e5b279e9bc5f49021c,True,
Greenplum,q15,1,2026-08-04T04:05:42.945+00:00,2026-08-04T04:05:42.995+00:00,47.8,1,2696a2b1087e0db9ee3147b7dd4aa013894d005203cbc28cee3b704d7daded4a,True,
Greenplum,q5,1,2026-08-04T04:05:42.995+00:00,2026-08-04T04:05:43.360+00:00,322.79,5,92e68b5940711975eadfef9cebcb6626c1b529a23731481d64f34508cc256489,True,
Greenplum,q10,1,2026-08-04T04:05:43.360+00:00,2026-08-04T04:05:43.517+00:00,152.76,20,77da45dd0218922612cd92c6f16e238b4184b43e42c5a0d1a3c37503d4954092,True,
Greenplum,q2,1,2026-08-04T04:05:43.517+00:00,2026-08-04T04:05:44.091+00:00,567.86,44,d7c945bcad8db1ca27d3ba6d14645d189d8cbf2e2ceac247d95e4cdc8f5ed661,True,
Greenplum,q11,2,2026-08-04T04:05:44.091+00:00,2026-08-04T04:05:44.284+00:00,160.26,2541,3db7d53827190857328a4fdc4d52c9fa4bf0a5716ac267623c1e7ef6459a4373,True,
Greenplum,q9,2,2026-08-04T04:05:44.284+00:00,2026-08-04T04:05:44.608+00:00,319.91,175,ebb16612aaba53a9a6d425d973c561e5dd7a1b70c4f32ba19680835f9bb7f5f2,True,
Greenplum,q20,2,2026-08-04T04:05:44.608+00:00,2026-08-04T04:05:44.794+00:00,184.2,9,103b073204ade8735df56b98bd5f8d4bcc5117a308cea568948ab9c1ae73f66b,True,
Greenplum,q21,2,2026-08-04T04:05:44.794+00:00,2026-08-04T04:05:45.536+00:00,740.09,47,86efdec346cfebe32bacff5819615897f64fddcba4af9d82f5de544798cd2962,True,
Greenplum,q16,2,2026-08-04T04:05:45.536+00:00,2026-08-04T04:05:45.624+00:00,63.72,2762,9681ce56918cd7141173026d87c26c9fd87afc62c46b45a2dbc5be1ef159a9b1,True,
Greenplum,q15,2,2026-08-04T04:05:45.625+00:00,2026-08-04T04:05:45.662+00:00,35.74,1,2696a2b1087e0db9ee3147b7dd4aa013894d005203cbc28cee3b704d7daded4a,True,
Greenplum,q7,2,2026-08-04T04:05:45.662+00:00,2026-08-04T04:05:45.922+00:00,258.53,4,6716e14755d4f5d95a6646ea58876b2b4239017cb84cf14b281ca4bdea3a394b,True,
Greenplum,q3,2,2026-08-04T04:05:45.922+00:00,2026-08-04T04:05:46.094+00:00,170.43,10,488b5292812c953c6be9763511c856b3e10b11829deb30c1bb1f505ba568402b,True,
Greenplum,q12,2,2026-08-04T04:05:46.095+00:00,2026-08-04T04:05:46.162+00:00,65.41,2,eff0114ecfe105cd72843038cb84bcc3fac7bf1f70ec22e5b279e9bc5f49021c,True,
Greenplum,q22,2,2026-08-04T04:05:46.162+00:00,2026-08-04T04:05:46.212+00:00,47.99,7,fdfb6921ca2a1f59f2b8b250a64d637c968d0f223b7ec6c5e4560f860a53180c,True,
Greenplum,q10,2,2026-08-04T04:05:46.212+00:00,2026-08-04T04:05:46.359+00:00,144.99,20,77da45dd0218922612cd92c6f16e238b4184b43e42c5a0d1a3c37503d4954092,True,
Greenplum,q2,2,2026-08-04T04:05:46.359+00:00,2026-08-04T04:05:46.801+00:00,440.01,44,d7c945bcad8db1ca27d3ba6d14645d189d8cbf2e2ceac247d95e4cdc8f5ed661,True,
Greenplum,q19,2,2026-08-04T04:05:46.801+00:00,2026-08-04T04:05:46.875+00:00,70.29,1,3e9305f88a3aef222e9d019af6a2e6f40303e9c9bf11a50d1562324a2d9f9e87,True,
Greenplum,q1,2,2026-08-04T04:05:46.875+00:00,2026-08-04T04:05:47.318+00:00,441.23,4,4a63e850889beb8075f235a4ed15f79e0d08baf28d73d388c6b16b0106ddefe7,True,
Greenplum,q5,2,2026-08-04T04:05:47.318+00:00,2026-08-04T04:05:47.589+00:00,268.42,5,92e68b5940711975eadfef9cebcb6626c1b529a23731481d64f34508cc256489,True,
Greenplum,q8,2,2026-08-04T04:05:47.589+00:00,2026-08-04T04:05:47.930+00:00,336.38,2,c60f2018a2cde9154f10ae17f3359590459867a81d2726859d9d85bad7e23aff,True,
Greenplum,q13,2,2026-08-04T04:05:47.930+00:00,2026-08-04T04:05:48.006+00:00,69.8,37,42bb5b9d31ec606514a576fd0407ed6d51e63e11a1e1ea05c6039d89c29e8ee2,True,
Greenplum,q6,2,2026-08-04T04:05:48.006+00:00,2026-08-04T04:05:48.043+00:00,35.67,1,2cdce46c156af217b6a76401d58b94624f8493520129e4b1e90830abc0643712,True,
Greenplum,q4,2,2026-08-04T04:05:48.043+00:00,2026-08-04T04:05:48.144+00:00,98.66,5,607206b8c5dc00a59ce05f563a151cd1cf956663ca50fa4d396ccb61b6a3503c,True,
Greenplum,q18,2,2026-08-04T04:05:48.144+00:00,2026-08-04T04:05:48.468+00:00,322.86,5,a453ae8127ad1700722b5a8ff363bc7b3632bb2fa0490cdc74eddcdf156ec65a,True,
Greenplum,q17,2,2026-08-04T04:05:48.468+00:00,2026-08-04T04:05:48.643+00:00,172.61,1,9a3d1f3f694155da1dc0635e8777f636e07f15f895916bc0328a0fdce877187f,True,
Greenplum,q14,2,2026-08-04T04:05:48.643+00:00,2026-08-04T04:05:48.669+00:00,24.75,1,cc146f704c1fe2fd031ef46c782a668650161668ef04b4cb6850fe029f576d66,True,
Greenplum,q18,3,2026-08-04T04:05:48.670+00:00,2026-08-04T04:05:48.967+00:00,296.12,5,a453ae8127ad1700722b5a8ff363bc7b3632bb2fa0490cdc74eddcdf156ec65a,True,
Greenplum,q19,3,2026-08-04T04:05:48.968+00:00,2026-08-04T04:05:49.037+00:00,67.41,1,3e9305f88a3aef222e9d019af6a2e6f40303e9c9bf11a50d1562324a2d9f9e87,True,
Greenplum,q4,3,2026-08-04T04:05:49.037+00:00,2026-08-04T04:05:49.126+00:00,87.21,5,607206b8c5dc00a59ce05f563a151cd1cf956663ca50fa4d396ccb61b6a3503c,True,
Greenplum,q13,3,2026-08-04T04:05:49.126+00:00,2026-08-04T04:05:49.193+00:00,64.15,37,42bb5b9d31ec606514a576fd0407ed6d51e63e11a1e1ea05c6039d89c29e8ee2,True,
Greenplum,q12,3,2026-08-04T04:05:49.193+00:00,2026-08-04T04:05:49.255+00:00,60.62,2,eff0114ecfe105cd72843038cb84bcc3fac7bf1f70ec22e5b279e9bc5f49021c,True,
Greenplum,q6,3,2026-08-04T04:05:49.255+00:00,2026-08-04T04:05:49.290+00:00,33.11,1,2cdce46c156af217b6a76401d58b94624f8493520129e4b1e90830abc0643712,True,
Greenplum,q7,3,2026-08-04T04:05:49.290+00:00,2026-08-04T04:05:49.542+00:00,251.15,4,6716e14755d4f5d95a6646ea58876b2b4239017cb84cf14b281ca4bdea3a394b,True,
Greenplum,q17,3,2026-08-04T04:05:49.543+00:00,2026-08-04T04:05:49.721+00:00,172.72,1,9a3d1f3f694155da1dc0635e8777f636e07f15f895916bc0328a0fdce877187f,True,
Greenplum,q20,3,2026-08-04T04:05:49.721+00:00,2026-08-04T04:05:49.898+00:00,175.51,9,103b073204ade8735df56b98bd5f8d4bcc5117a308cea568948ab9c1ae73f66b,True,
Greenplum,q5,3,2026-08-04T04:05:49.898+00:00,2026-08-04T04:05:50.147+00:00,247.37,5,92e68b5940711975eadfef9cebcb6626c1b529a23731481d64f34508cc256489,True,
Greenplum,q21,3,2026-08-04T04:05:50.147+00:00,2026-08-04T04:05:50.918+00:00,767.28,47,86efdec346cfebe32bacff5819615897f64fddcba4af9d82f5de544798cd2962,True,
Greenplum,q15,3,2026-08-04T04:05:50.918+00:00,2026-08-04T04:05:50.958+00:00,38.22,1,2696a2b1087e0db9ee3147b7dd4aa013894d005203cbc28cee3b704d7daded4a,True,
Greenplum,q8,3,2026-08-04T04:05:50.958+00:00,2026-08-04T04:05:51.276+00:00,316.82,2,c60f2018a2cde9154f10ae17f3359590459867a81d2726859d9d85bad7e23aff,True,
Greenplum,q2,3,2026-08-04T04:05:51.277+00:00,2026-08-04T04:05:51.733+00:00,446.72,44,d7c945bcad8db1ca27d3ba6d14645d189d8cbf2e2ceac247d95e4cdc8f5ed661,True,
Greenplum,q1,3,2026-08-04T04:05:51.742+00:00,2026-08-04T04:05:52.155+00:00,409.69,4,4a63e850889beb8075f235a4ed15f79e0d08baf28d73d388c6b16b0106ddefe7,True,
Greenplum,q11,3,2026-08-04T04:05:52.155+00:00,2026-08-04T04:05:52.328+00:00,149.45,2541,3db7d53827190857328a4fdc4d52c9fa4bf0a5716ac267623c1e7ef6459a4373,True,
Greenplum,q10,3,2026-08-04T04:05:52.328+00:00,2026-08-04T04:05:52.475+00:00,145.08,20,77da45dd0218922612cd92c6f16e238b4184b43e42c5a0d1a3c37503d4954092,True,
Greenplum,q3,3,2026-08-04T04:05:52.475+00:00,2026-08-04T04:05:52.643+00:00,166.12,10,488b5292812c953c6be9763511c856b3e10b11829deb30c1bb1f505ba568402b,True,
Greenplum,q22,3,2026-08-04T04:05:52.643+00:00,2026-08-04T04:05:52.697+00:00,51.54,7,fdfb6921ca2a1f59f2b8b250a64d637c968d0f223b7ec6c5e4560f860a53180c,True,
Greenplum,q16,3,2026-08-04T04:05:52.697+00:00,2026-08-04T04:05:52.775+00:00,56.73,2762,9681ce56918cd7141173026d87c26c9fd87afc62c46b45a2dbc5be1ef159a9b1,True,
Greenplum,q14,3,2026-08-04T04:05:52.775+00:00,2026-08-04T04:05:52.805+00:00,28.48,1,cc146f704c1fe2fd031ef46c782a668650161668ef04b4cb6850fe029f576d66,True,
Greenplum,q9,3,2026-08-04T04:05:52.805+00:00,2026-08-04T04:05:53.073+00:00,262.28,175,ebb16612aaba53a9a6d425d973c561e5dd7a1b70c4f32ba19680835f9bb7f5f2,True,
Greenplum,q14,4,2026-08-04T04:05:53.074+00:00,2026-08-04T04:05:53.104+00:00,28.93,1,cc146f704c1fe2fd031ef46c782a668650161668ef04b4cb6850fe029f576d66,True,
Greenplum,q16,4,2026-08-04T04:05:53.105+00:00,2026-08-04T04:05:53.186+00:00,59.86,2762,9681ce56918cd7141173026d87c26c9fd87afc62c46b45a2dbc5be1ef159a9b1,True,
Greenplum,q4,4,2026-08-04T04:05:53.186+00:00,2026-08-04T04:05:53.281+00:00,93.36,5,607206b8c5dc00a59ce05f563a151cd1cf956663ca50fa4d396ccb61b6a3503c,True,
Greenplum,q22,4,2026-08-04T04:05:53.281+00:00,2026-08-04T04:05:53.329+00:00,47.04,7,fdfb6921ca2a1f59f2b8b250a64d637c968d0f223b7ec6c5e4560f860a53180c,True,
Greenplum,q15,4,2026-08-04T04:05:53.330+00:00,2026-08-04T04:05:53.371+00:00,39.89,1,2696a2b1087e0db9ee3147b7dd4aa013894d005203cbc28cee3b704d7daded4a,True,
Greenplum,q18,4,2026-08-04T04:05:53.371+00:00,2026-08-04T04:05:53.666+00:00,292.54,5,a453ae8127ad1700722b5a8ff363bc7b3632bb2fa0490cdc74eddcdf156ec65a,True,
Greenplum,q7,4,2026-08-04T04:05:53.667+00:00,2026-08-04T04:05:53.910+00:00,242.27,4,6716e14755d4f5d95a6646ea58876b2b4239017cb84cf14b281ca4bdea3a394b,True,
Greenplum,q11,4,2026-08-04T04:05:53.910+00:00,2026-08-04T04:05:54.083+00:00,149.96,2541,3db7d53827190857328a4fdc4d52c9fa4bf0a5716ac267623c1e7ef6459a4373,True,
Greenplum,q6,4,2026-08-04T04:05:54.083+00:00,2026-08-04T04:05:54.119+00:00,34.05,1,2cdce46c156af217b6a76401d58b94624f8493520129e4b1e90830abc0643712,True,
Greenplum,q20,4,2026-08-04T04:05:54.119+00:00,2026-08-04T04:05:54.297+00:00,175.57,9,103b073204ade8735df56b98bd5f8d4bcc5117a308cea568948ab9c1ae73f66b,True,
Greenplum,q12,4,2026-08-04T04:05:54.297+00:00,2026-08-04T04:05:54.363+00:00,63.62,2,eff0114ecfe105cd72843038cb84bcc3fac7bf1f70ec22e5b279e9bc5f49021c,True,
Greenplum,q1,4,2026-08-04T04:05:54.363+00:00,2026-08-04T04:05:55.239+00:00,873.9,4,4a63e850889beb8075f235a4ed15f79e0d08baf28d73d388c6b16b0106ddefe7,True,
Greenplum,q21,4,2026-08-04T04:05:55.239+00:00,2026-08-04T04:05:56.055+00:00,801.92,47,86efdec346cfebe32bacff5819615897f64fddcba4af9d82f5de544798cd2962,True,
Greenplum,q9,4,2026-08-04T04:05:56.056+00:00,2026-08-04T04:05:56.536+00:00,477.42,175,ebb16612aaba53a9a6d425d973c561e5dd7a1b70c4f32ba19680835f9bb7f5f2,True,
Greenplum,q10,4,2026-08-04T04:05:56.536+00:00,2026-08-04T04:05:56.701+00:00,161.39,20,77da45dd0218922612cd92c6f16e238b4184b43e42c5a0d1a3c37503d4954092,True,
Greenplum,q5,4,2026-08-04T04:05:56.701+00:00,2026-08-04T04:05:57.004+00:00,300.62,5,92e68b5940711975eadfef9cebcb6626c1b529a23731481d64f34508cc256489,True,
Greenplum,q17,4,2026-08-04T04:05:57.004+00:00,2026-08-04T04:05:57.197+00:00,188.54,1,9a3d1f3f694155da1dc0635e8777f636e07f15f895916bc0328a0fdce877187f,True,
Greenplum,q8,4,2026-08-04T04:05:57.197+00:00,2026-08-04T04:05:57.700+00:00,500.81,2,c60f2018a2cde9154f10ae17f3359590459867a81d2726859d9d85bad7e23aff,True,
Greenplum,q19,4,2026-08-04T04:05:57.700+00:00,2026-08-04T04:05:57.783+00:00,77.61,1,3e9305f88a3aef222e9d019af6a2e6f40303e9c9bf11a50d1562324a2d9f9e87,True,
Greenplum,q2,4,2026-08-04T04:05:57.783+00:00,2026-08-04T04:05:58.299+00:00,513.94,44,d7c945bcad8db1ca27d3ba6d14645d189d8cbf2e2ceac247d95e4cdc8f5ed661,True,
Greenplum,q13,4,2026-08-04T04:05:58.300+00:00,2026-08-04T04:05:58.639+00:00,335.76,37,42bb5b9d31ec606514a576fd0407ed6d51e63e11a1e1ea05c6039d89c29e8ee2,True,
Greenplum,q3,4,2026-08-04T04:05:58.640+00:00,2026-08-04T04:05:58.972+00:00,330.18,10,488b5292812c953c6be9763511c856b3e10b11829deb30c1bb1f505ba568402b,True,
Greenplum,q5,5,2026-08-04T04:05:58.973+00:00,2026-08-04T04:05:59.273+00:00,298.15,5,92e68b5940711975eadfef9cebcb6626c1b529a23731481d64f34508cc256489,True,
Greenplum,q6,5,2026-08-04T04:05:59.273+00:00,2026-08-04T04:05:59.322+00:00,39.6,1,2cdce46c156af217b6a76401d58b94624f8493520129e4b1e90830abc0643712,True,
Greenplum,q8,5,2026-08-04T04:05:59.322+00:00,2026-08-04T04:05:59.663+00:00,339.56,2,c60f2018a2cde9154f10ae17f3359590459867a81d2726859d9d85bad7e23aff,True,
Greenplum,q22,5,2026-08-04T04:05:59.663+00:00,2026-08-04T04:05:59.725+00:00,54.48,7,fdfb6921ca2a1f59f2b8b250a64d637c968d0f223b7ec6c5e4560f860a53180c,True,
Greenplum,q4,5,2026-08-04T04:05:59.725+00:00,2026-08-04T04:05:59.815+00:00,88.41,5,607206b8c5dc00a59ce05f563a151cd1cf956663ca50fa4d396ccb61b6a3503c,True,
Greenplum,q21,5,2026-08-04T04:05:59.815+00:00,2026-08-04T04:06:00.592+00:00,774.71,47,86efdec346cfebe32bacff5819615897f64fddcba4af9d82f5de544798cd2962,True,
Greenplum,q19,5,2026-08-04T04:06:00.592+00:00,2026-08-04T04:06:00.664+00:00,70.35,1,3e9305f88a3aef222e9d019af6a2e6f40303e9c9bf11a50d1562324a2d9f9e87,True,
Greenplum,q2,5,2026-08-04T04:06:00.664+00:00,2026-08-04T04:06:01.120+00:00,453.81,44,d7c945bcad8db1ca27d3ba6d14645d189d8cbf2e2ceac247d95e4cdc8f5ed661,True,
Greenplum,q17,5,2026-08-04T04:06:01.121+00:00,2026-08-04T04:06:01.292+00:00,166.35,1,9a3d1f3f694155da1dc0635e8777f636e07f15f895916bc0328a0fdce877187f,True,
Greenplum,q13,5,2026-08-04T04:06:01.293+00:00,2026-08-04T04:06:01.364+00:00,69.94,37,42bb5b9d31ec606514a576fd0407ed6d51e63e11a1e1ea05c6039d89c29e8ee2,True,
Greenplum,q1,5,2026-08-04T04:06:01.364+00:00,2026-08-04T04:06:01.796+00:00,430.58,4,4a63e850889beb8075f235a4ed15f79e0d08baf28d73d388c6b16b0106ddefe7,True,
Greenplum,q10,5,2026-08-04T04:06:01.797+00:00,2026-08-04T04:06:01.946+00:00,146.71,20,77da45dd0218922612cd92c6f16e238b4184b43e42c5a0d1a3c37503d4954092,True,
Greenplum,q20,5,2026-08-04T04:06:01.946+00:00,2026-08-04T04:06:02.377+00:00,429.08,9,103b073204ade8735df56b98bd5f8d4bcc5117a308cea568948ab9c1ae73f66b,True,
Greenplum,q7,5,2026-08-04T04:06:02.377+00:00,2026-08-04T04:06:02.648+00:00,268.33,4,6716e14755d4f5d95a6646ea58876b2b4239017cb84cf14b281ca4bdea3a394b,True,
Greenplum,q16,5,2026-08-04T04:06:02.648+00:00,2026-08-04T04:06:02.755+00:00,74.77,2762,9681ce56918cd7141173026d87c26c9fd87afc62c46b45a2dbc5be1ef159a9b1,True,
Greenplum,q9,5,2026-08-04T04:06:02.755+00:00,2026-08-04T04:06:03.060+00:00,298.59,175,ebb16612aaba53a9a6d425d973c561e5dd7a1b70c4f32ba19680835f9bb7f5f2,True,
Greenplum,q11,5,2026-08-04T04:06:03.061+00:00,2026-08-04T04:06:03.243+00:00,157.32,2541,3db7d53827190857328a4fdc4d52c9fa4bf0a5716ac267623c1e7ef6459a4373,True,
Greenplum,q15,5,2026-08-04T04:06:03.244+00:00,2026-08-04T04:06:03.285+00:00,39.71,1,2696a2b1087e0db9ee3147b7dd4aa013894d005203cbc28cee3b704d7daded4a,True,
Greenplum,q18,5,2026-08-04T04:06:03.285+00:00,2026-08-04T04:06:03.905+00:00,617.57,5,a453ae8127ad1700722b5a8ff363bc7b3632bb2fa0490cdc74eddcdf156ec65a,True,
Greenplum,q14,5,2026-08-04T04:06:03.906+00:00,2026-08-04T04:06:03.942+00:00,33.68,1,cc146f704c1fe2fd031ef46c782a668650161668ef04b4cb6850fe029f576d66,True,
Greenplum,q3,5,2026-08-04T04:06:03.943+00:00,2026-08-04T04:06:04.173+00:00,228.34,10,488b5292812c953c6be9763511c856b3e10b11829deb30c1bb1f505ba568402b,True,
Greenplum,q12,5,2026-08-04T04:06:04.173+00:00,2026-08-04T04:06:04.265+00:00,90.8,2,eff0114ecfe105cd72843038cb84bcc3fac7bf1f70ec22e5b279e9bc5f49021c,True,
PostgreSQL,q3,1,2026-08-04T04:06:07.545+00:00,2026-08-04T04:06:07.630+00:00,84.71,10,488b5292812c953c6be9763511c856b3e10b11829deb30c1bb1f505ba568402b,True,
PostgreSQL,q11,1,2026-08-04T04:06:07.631+00:00,2026-08-04T04:06:07.665+00:00,22.86,2541,3db7d53827190857328a4fdc4d52c9fa4bf0a5716ac267623c1e7ef6459a4373,True,
PostgreSQL,q14,1,2026-08-04T04:06:07.665+00:00,2026-08-04T04:06:07.693+00:00,27.1,1,cc146f704c1fe2fd031ef46c782a668650161668ef04b4cb6850fe029f576d66,True,
PostgreSQL,q20,1,2026-08-04T04:06:07.693+00:00,2026-08-04T04:06:07.714+00:00,20.69,9,103b073204ade8735df56b98bd5f8d4bcc5117a308cea568948ab9c1ae73f66b,True,
PostgreSQL,q18,1,2026-08-04T04:06:07.714+00:00,2026-08-04T04:06:07.927+00:00,212.18,5,a453ae8127ad1700722b5a8ff363bc7b3632bb2fa0490cdc74eddcdf156ec65a,True,
PostgreSQL,q22,1,2026-08-04T04:06:07.927+00:00,2026-08-04T04:06:07.943+00:00,15.09,7,fdfb6921ca2a1f59f2b8b250a64d637c968d0f223b7ec6c5e4560f860a53180c,True,
PostgreSQL,q17,1,2026-08-04T04:06:07.943+00:00,2026-08-04T04:06:08.015+00:00,71.85,1,9a3d1f3f694155da1dc0635e8777f636e07f15f895916bc0328a0fdce877187f,True,
PostgreSQL,q13,1,2026-08-04T04:06:08.015+00:00,2026-08-04T04:06:08.095+00:00,78.89,37,42bb5b9d31ec606514a576fd0407ed6d51e63e11a1e1ea05c6039d89c29e8ee2,True,
PostgreSQL,q6,1,2026-08-04T04:06:08.095+00:00,2026-08-04T04:06:08.138+00:00,42.12,1,2cdce46c156af217b6a76401d58b94624f8493520129e4b1e90830abc0643712,True,
PostgreSQL,q7,1,2026-08-04T04:06:08.138+00:00,2026-08-04T04:06:08.192+00:00,53.41,4,6716e14755d4f5d95a6646ea58876b2b4239017cb84cf14b281ca4bdea3a394b,True,
PostgreSQL,q9,1,2026-08-04T04:06:08.192+00:00,2026-08-04T04:06:08.330+00:00,134.25,175,ebb16612aaba53a9a6d425d973c561e5dd7a1b70c4f32ba19680835f9bb7f5f2,True,
PostgreSQL,q1,1,2026-08-04T04:06:08.330+00:00,2026-08-04T04:06:08.551+00:00,219.54,4,4a63e850889beb8075f235a4ed15f79e0d08baf28d73d388c6b16b0106ddefe7,True,
PostgreSQL,q16,1,2026-08-04T04:06:08.551+00:00,2026-08-04T04:06:08.602+00:00,44.35,2762,9681ce56918cd7141173026d87c26c9fd87afc62c46b45a2dbc5be1ef159a9b1,True,
PostgreSQL,q8,1,2026-08-04T04:06:08.602+00:00,2026-08-04T04:06:08.664+00:00,60.81,2,c60f2018a2cde9154f10ae17f3359590459867a81d2726859d9d85bad7e23aff,True,
PostgreSQL,q21,1,2026-08-04T04:06:08.664+00:00,2026-08-04T04:06:08.741+00:00,74.87,47,86efdec346cfebe32bacff5819615897f64fddcba4af9d82f5de544798cd2962,True,
PostgreSQL,q19,1,2026-08-04T04:06:08.741+00:00,2026-08-04T04:06:08.749+00:00,7.81,1,3e9305f88a3aef222e9d019af6a2e6f40303e9c9bf11a50d1562324a2d9f9e87,True,
PostgreSQL,q4,1,2026-08-04T04:06:08.749+00:00,2026-08-04T04:06:08.784+00:00,34.23,5,607206b8c5dc00a59ce05f563a151cd1cf956663ca50fa4d396ccb61b6a3503c,True,
PostgreSQL,q12,1,2026-08-04T04:06:08.784+00:00,2026-08-04T04:06:08.844+00:00,59.18,2,eff0114ecfe105cd72843038cb84bcc3fac7bf1f70ec22e5b279e9bc5f49021c,True,
PostgreSQL,q15,1,2026-08-04T04:06:08.844+00:00,2026-08-04T04:06:08.866+00:00,21.14,1,2696a2b1087e0db9ee3147b7dd4aa013894d005203cbc28cee3b704d7daded4a,True,
PostgreSQL,q5,1,2026-08-04T04:06:08.866+00:00,2026-08-04T04:06:08.904+00:00,37.22,5,92e68b5940711975eadfef9cebcb6626c1b529a23731481d64f34508cc256489,True,
PostgreSQL,q10,1,2026-08-04T04:06:08.904+00:00,2026-08-04T04:06:08.953+00:00,47.06,20,77da45dd0218922612cd92c6f16e238b4184b43e42c5a0d1a3c37503d4954092,True,
PostgreSQL,q2,1,2026-08-04T04:06:08.953+00:00,2026-08-04T04:06:08.984+00:00,28.98,44,d7c945bcad8db1ca27d3ba6d14645d189d8cbf2e2ceac247d95e4cdc8f5ed661,True,
PostgreSQL,q11,2,2026-08-04T04:06:08.984+00:00,2026-08-04T04:06:09.017+00:00,25.67,2541,3db7d53827190857328a4fdc4d52c9fa4bf0a5716ac267623c1e7ef6459a4373,True,
PostgreSQL,q9,2,2026-08-04T04:06:09.017+00:00,2026-08-04T04:06:09.162+00:00,142.46,175,ebb16612aaba53a9a6d425d973c561e5dd7a1b70c4f32ba19680835f9bb7f5f2,True,
PostgreSQL,q20,2,2026-08-04T04:06:09.162+00:00,2026-08-04T04:06:09.175+00:00,11.6,9,103b073204ade8735df56b98bd5f8d4bcc5117a308cea568948ab9c1ae73f66b,True,
PostgreSQL,q21,2,2026-08-04T04:06:09.176+00:00,2026-08-04T04:06:09.259+00:00,82.6,47,86efdec346cfebe32bacff5819615897f64fddcba4af9d82f5de544798cd2962,True,
PostgreSQL,q16,2,2026-08-04T04:06:09.259+00:00,2026-08-04T04:06:09.312+00:00,42.51,2762,9681ce56918cd7141173026d87c26c9fd87afc62c46b45a2dbc5be1ef159a9b1,True,
PostgreSQL,q15,2,2026-08-04T04:06:09.312+00:00,2026-08-04T04:06:09.335+00:00,22.18,1,2696a2b1087e0db9ee3147b7dd4aa013894d005203cbc28cee3b704d7daded4a,True,
PostgreSQL,q7,2,2026-08-04T04:06:09.335+00:00,2026-08-04T04:06:09.391+00:00,55.34,4,6716e14755d4f5d95a6646ea58876b2b4239017cb84cf14b281ca4bdea3a394b,True,
PostgreSQL,q3,2,2026-08-04T04:06:09.391+00:00,2026-08-04T04:06:09.452+00:00,59.44,10,488b5292812c953c6be9763511c856b3e10b11829deb30c1bb1f505ba568402b,True,
PostgreSQL,q12,2,2026-08-04T04:06:09.452+00:00,2026-08-04T04:06:09.509+00:00,56.49,2,eff0114ecfe105cd72843038cb84bcc3fac7bf1f70ec22e5b279e9bc5f49021c,True,
PostgreSQL,q22,2,2026-08-04T04:06:09.509+00:00,2026-08-04T04:06:09.525+00:00,15.41,7,fdfb6921ca2a1f59f2b8b250a64d637c968d0f223b7ec6c5e4560f860a53180c,True,
PostgreSQL,q10,2,2026-08-04T04:06:09.525+00:00,2026-08-04T04:06:09.581+00:00,53.99,20,77da45dd0218922612cd92c6f16e238b4184b43e42c5a0d1a3c37503d4954092,True,
PostgreSQL,q2,2,2026-08-04T04:06:09.581+00:00,2026-08-04T04:06:09.615+00:00,32.18,44,d7c945bcad8db1ca27d3ba6d14645d189d8cbf2e2ceac247d95e4cdc8f5ed661,True,
PostgreSQL,q19,2,2026-08-04T04:06:09.615+00:00,2026-08-04T04:06:09.623+00:00,8.23,1,3e9305f88a3aef222e9d019af6a2e6f40303e9c9bf11a50d1562324a2d9f9e87,True,
PostgreSQL,q1,2,2026-08-04T04:06:09.623+00:00,2026-08-04T04:06:09.850+00:00,225.99,4,4a63e850889beb8075f235a4ed15f79e0d08baf28d73d388c6b16b0106ddefe7,True,
PostgreSQL,q5,2,2026-08-04T04:06:09.851+00:00,2026-08-04T04:06:09.889+00:00,37.3,5,92e68b5940711975eadfef9cebcb6626c1b529a23731481d64f34508cc256489,True,
PostgreSQL,q8,2,2026-08-04T04:06:09.889+00:00,2026-08-04T04:06:09.940+00:00,50.56,2,c60f2018a2cde9154f10ae17f3359590459867a81d2726859d9d85bad7e23aff,True,
PostgreSQL,q13,2,2026-08-04T04:06:09.940+00:00,2026-08-04T04:06:10.020+00:00,78.85,37,42bb5b9d31ec606514a576fd0407ed6d51e63e11a1e1ea05c6039d89c29e8ee2,True,
PostgreSQL,q6,2,2026-08-04T04:06:10.020+00:00,2026-08-04T04:06:10.061+00:00,40.51,1,2cdce46c156af217b6a76401d58b94624f8493520129e4b1e90830abc0643712,True,
PostgreSQL,q4,2,2026-08-04T04:06:10.061+00:00,2026-08-04T04:06:10.097+00:00,34.93,5,607206b8c5dc00a59ce05f563a151cd1cf956663ca50fa4d396ccb61b6a3503c,True,
PostgreSQL,q18,2,2026-08-04T04:06:10.097+00:00,2026-08-04T04:06:10.299+00:00,201.43,5,a453ae8127ad1700722b5a8ff363bc7b3632bb2fa0490cdc74eddcdf156ec65a,True,
PostgreSQL,q17,2,2026-08-04T04:06:10.299+00:00,2026-08-04T04:06:10.369+00:00,69.66,1,9a3d1f3f694155da1dc0635e8777f636e07f15f895916bc0328a0fdce877187f,True,
PostgreSQL,q14,2,2026-08-04T04:06:10.370+00:00,2026-08-04T04:06:10.385+00:00,14.53,1,cc146f704c1fe2fd031ef46c782a668650161668ef04b4cb6850fe029f576d66,True,
PostgreSQL,q18,3,2026-08-04T04:06:10.386+00:00,2026-08-04T04:06:10.588+00:00,201.89,5,a453ae8127ad1700722b5a8ff363bc7b3632bb2fa0490cdc74eddcdf156ec65a,True,
PostgreSQL,q19,3,2026-08-04T04:06:10.588+00:00,2026-08-04T04:06:10.596+00:00,7.3,1,3e9305f88a3aef222e9d019af6a2e6f40303e9c9bf11a50d1562324a2d9f9e87,True,
PostgreSQL,q4,3,2026-08-04T04:06:10.596+00:00,2026-08-04T04:06:10.630+00:00,33.85,5,607206b8c5dc00a59ce05f563a151cd1cf956663ca50fa4d396ccb61b6a3503c,True,
PostgreSQL,q13,3,2026-08-04T04:06:10.630+00:00,2026-08-04T04:06:10.709+00:00,77.66,37,42bb5b9d31ec606514a576fd0407ed6d51e63e11a1e1ea05c6039d89c29e8ee2,True,
PostgreSQL,q12,3,2026-08-04T04:06:10.709+00:00,2026-08-04T04:06:10.767+00:00,56.24,2,eff0114ecfe105cd72843038cb84bcc3fac7bf1f70ec22e5b279e9bc5f49021c,True,
PostgreSQL,q6,3,2026-08-04T04:06:10.767+00:00,2026-08-04T04:06:10.807+00:00,39.51,1,2cdce46c156af217b6a76401d58b94624f8493520129e4b1e90830abc0643712,True,
PostgreSQL,q7,3,2026-08-04T04:06:10.807+00:00,2026-08-04T04:06:10.867+00:00,58.82,4,6716e14755d4f5d95a6646ea58876b2b4239017cb84cf14b281ca4bdea3a394b,True,
PostgreSQL,q17,3,2026-08-04T04:06:10.867+00:00,2026-08-04T04:06:10.938+00:00,70.5,1,9a3d1f3f694155da1dc0635e8777f636e07f15f895916bc0328a0fdce877187f,True,
PostgreSQL,q20,3,2026-08-04T04:06:10.938+00:00,2026-08-04T04:06:10.950+00:00,11.55,9,103b073204ade8735df56b98bd5f8d4bcc5117a308cea568948ab9c1ae73f66b,True,
PostgreSQL,q5,3,2026-08-04T04:06:10.950+00:00,2026-08-04T04:06:10.988+00:00,36.87,5,92e68b5940711975eadfef9cebcb6626c1b529a23731481d64f34508cc256489,True,
PostgreSQL,q21,3,2026-08-04T04:06:10.988+00:00,2026-08-04T04:06:11.065+00:00,76.86,47,86efdec346cfebe32bacff5819615897f64fddcba4af9d82f5de544798cd2962,True,
PostgreSQL,q15,3,2026-08-04T04:06:11.066+00:00,2026-08-04T04:06:11.085+00:00,18.83,1,2696a2b1087e0db9ee3147b7dd4aa013894d005203cbc28cee3b704d7daded4a,True,
PostgreSQL,q8,3,2026-08-04T04:06:11.085+00:00,2026-08-04T04:06:11.134+00:00,48.88,2,c60f2018a2cde9154f10ae17f3359590459867a81d2726859d9d85bad7e23aff,True,
PostgreSQL,q2,3,2026-08-04T04:06:11.135+00:00,2026-08-04T04:06:11.164+00:00,28.89,44,d7c945bcad8db1ca27d3ba6d14645d189d8cbf2e2ceac247d95e4cdc8f5ed661,True,
PostgreSQL,q1,3,2026-08-04T04:06:11.164+00:00,2026-08-04T04:06:11.388+00:00,222.78,4,4a63e850889beb8075f235a4ed15f79e0d08baf28d73d388c6b16b0106ddefe7,True,
PostgreSQL,q11,3,2026-08-04T04:06:11.388+00:00,2026-08-04T04:06:11.419+00:00,24.33,2541,3db7d53827190857328a4fdc4d52c9fa4bf0a5716ac267623c1e7ef6459a4373,True,
PostgreSQL,q10,3,2026-08-04T04:06:11.419+00:00,2026-08-04T04:06:11.485+00:00,65.27,20,77da45dd0218922612cd92c6f16e238b4184b43e42c5a0d1a3c37503d4954092,True,
PostgreSQL,q3,3,2026-08-04T04:06:11.485+00:00,2026-08-04T04:06:11.547+00:00,61.07,10,488b5292812c953c6be9763511c856b3e10b11829deb30c1bb1f505ba568402b,True,
PostgreSQL,q22,3,2026-08-04T04:06:11.547+00:00,2026-08-04T04:06:11.566+00:00,17.96,7,fdfb6921ca2a1f59f2b8b250a64d637c968d0f223b7ec6c5e4560f860a53180c,True,
PostgreSQL,q16,3,2026-08-04T04:06:11.566+00:00,2026-08-04T04:06:11.620+00:00,45.54,2762,9681ce56918cd7141173026d87c26c9fd87afc62c46b45a2dbc5be1ef159a9b1,True,
PostgreSQL,q14,3,2026-08-04T04:06:11.620+00:00,2026-08-04T04:06:11.640+00:00,19.59,1,cc146f704c1fe2fd031ef46c782a668650161668ef04b4cb6850fe029f576d66,True,
PostgreSQL,q9,3,2026-08-04T04:06:11.641+00:00,2026-08-04T04:06:11.817+00:00,172.66,175,ebb16612aaba53a9a6d425d973c561e5dd7a1b70c4f32ba19680835f9bb7f5f2,True,
PostgreSQL,q14,4,2026-08-04T04:06:11.818+00:00,2026-08-04T04:06:11.838+00:00,19.81,1,cc146f704c1fe2fd031ef46c782a668650161668ef04b4cb6850fe029f576d66,True,
PostgreSQL,q16,4,2026-08-04T04:06:11.838+00:00,2026-08-04T04:06:11.889+00:00,42.87,2762,9681ce56918cd7141173026d87c26c9fd87afc62c46b45a2dbc5be1ef159a9b1,True,
PostgreSQL,q4,4,2026-08-04T04:06:11.889+00:00,2026-08-04T04:06:11.928+00:00,38.16,5,607206b8c5dc00a59ce05f563a151cd1cf956663ca50fa4d396ccb61b6a3503c,True,
PostgreSQL,q22,4,2026-08-04T04:06:11.928+00:00,2026-08-04T04:06:11.944+00:00,15.33,7,fdfb6921ca2a1f59f2b8b250a64d637c968d0f223b7ec6c5e4560f860a53180c,True,
PostgreSQL,q15,4,2026-08-04T04:06:11.944+00:00,2026-08-04T04:06:11.972+00:00,27.38,1,2696a2b1087e0db9ee3147b7dd4aa013894d005203cbc28cee3b704d7daded4a,True,
PostgreSQL,q18,4,2026-08-04T04:06:11.972+00:00,2026-08-04T04:06:12.179+00:00,206.68,5,a453ae8127ad1700722b5a8ff363bc7b3632bb2fa0490cdc74eddcdf156ec65a,True,
PostgreSQL,q7,4,2026-08-04T04:06:12.180+00:00,2026-08-04T04:06:12.234+00:00,53.03,4,6716e14755d4f5d95a6646ea58876b2b4239017cb84cf14b281ca4bdea3a394b,True,
PostgreSQL,q11,4,2026-08-04T04:06:12.234+00:00,2026-08-04T04:06:12.271+00:00,29.73,2541,3db7d53827190857328a4fdc4d52c9fa4bf0a5716ac267623c1e7ef6459a4373,True,
PostgreSQL,q6,4,2026-08-04T04:06:12.271+00:00,2026-08-04T04:06:12.319+00:00,47.79,1,2cdce46c156af217b6a76401d58b94624f8493520129e4b1e90830abc0643712,True,
PostgreSQL,q20,4,2026-08-04T04:06:12.320+00:00,2026-08-04T04:06:12.336+00:00,13.38,9,103b073204ade8735df56b98bd5f8d4bcc5117a308cea568948ab9c1ae73f66b,True,
PostgreSQL,q12,4,2026-08-04T04:06:12.336+00:00,2026-08-04T04:06:12.425+00:00,88.84,2,eff0114ecfe105cd72843038cb84bcc3fac7bf1f70ec22e5b279e9bc5f49021c,True,
PostgreSQL,q1,4,2026-08-04T04:06:12.426+00:00,2026-08-04T04:06:12.650+00:00,223.76,4,4a63e850889beb8075f235a4ed15f79e0d08baf28d73d388c6b16b0106ddefe7,True,
PostgreSQL,q21,4,2026-08-04T04:06:12.650+00:00,2026-08-04T04:06:12.728+00:00,76.95,47,86efdec346cfebe32bacff5819615897f64fddcba4af9d82f5de544798cd2962,True,
PostgreSQL,q9,4,2026-08-04T04:06:12.729+00:00,2026-08-04T04:06:12.920+00:00,190.5,175,ebb16612aaba53a9a6d425d973c561e5dd7a1b70c4f32ba19680835f9bb7f5f2,True,
PostgreSQL,q10,4,2026-08-04T04:06:12.920+00:00,2026-08-04T04:06:12.981+00:00,57.51,20,77da45dd0218922612cd92c6f16e238b4184b43e42c5a0d1a3c37503d4954092,True,
PostgreSQL,q5,4,2026-08-04T04:06:12.982+00:00,2026-08-04T04:06:13.020+00:00,37.36,5,92e68b5940711975eadfef9cebcb6626c1b529a23731481d64f34508cc256489,True,
PostgreSQL,q17,4,2026-08-04T04:06:13.021+00:00,2026-08-04T04:06:13.095+00:00,73.77,1,9a3d1f3f694155da1dc0635e8777f636e07f15f895916bc0328a0fdce877187f,True,
PostgreSQL,q8,4,2026-08-04T04:06:13.095+00:00,2026-08-04T04:06:13.145+00:00,49.43,2,c60f2018a2cde9154f10ae17f3359590459867a81d2726859d9d85bad7e23aff,True,
PostgreSQL,q19,4,2026-08-04T04:06:13.145+00:00,2026-08-04T04:06:13.153+00:00,7.23,1,3e9305f88a3aef222e9d019af6a2e6f40303e9c9bf11a50d1562324a2d9f9e87,True,
PostgreSQL,q2,4,2026-08-04T04:06:13.153+00:00,2026-08-04T04:06:13.180+00:00,26.26,44,d7c945bcad8db1ca27d3ba6d14645d189d8cbf2e2ceac247d95e4cdc8f5ed661,True,
PostgreSQL,q13,4,2026-08-04T04:06:13.180+00:00,2026-08-04T04:06:13.264+00:00,83.83,37,42bb5b9d31ec606514a576fd0407ed6d51e63e11a1e1ea05c6039d89c29e8ee2,True,
PostgreSQL,q3,4,2026-08-04T04:06:13.265+00:00,2026-08-04T04:06:13.333+00:00,67.45,10,488b5292812c953c6be9763511c856b3e10b11829deb30c1bb1f505ba568402b,True,
PostgreSQL,q5,5,2026-08-04T04:06:13.333+00:00,2026-08-04T04:06:13.370+00:00,37.03,5,92e68b5940711975eadfef9cebcb6626c1b529a23731481d64f34508cc256489,True,
PostgreSQL,q6,5,2026-08-04T04:06:13.370+00:00,2026-08-04T04:06:13.414+00:00,43.3,1,2cdce46c156af217b6a76401d58b94624f8493520129e4b1e90830abc0643712,True,
PostgreSQL,q8,5,2026-08-04T04:06:13.415+00:00,2026-08-04T04:06:13.468+00:00,52.55,2,c60f2018a2cde9154f10ae17f3359590459867a81d2726859d9d85bad7e23aff,True,
PostgreSQL,q22,5,2026-08-04T04:06:13.468+00:00,2026-08-04T04:06:13.489+00:00,17.42,7,fdfb6921ca2a1f59f2b8b250a64d637c968d0f223b7ec6c5e4560f860a53180c,True,
PostgreSQL,q4,5,2026-08-04T04:06:13.489+00:00,2026-08-04T04:06:13.525+00:00,35.0,5,607206b8c5dc00a59ce05f563a151cd1cf956663ca50fa4d396ccb61b6a3503c,True,
PostgreSQL,q21,5,2026-08-04T04:06:13.525+00:00,2026-08-04T04:06:13.599+00:00,73.69,47,86efdec346cfebe32bacff5819615897f64fddcba4af9d82f5de544798cd2962,True,
PostgreSQL,q19,5,2026-08-04T04:06:13.599+00:00,2026-08-04T04:06:13.609+00:00,9.63,1,3e9305f88a3aef222e9d019af6a2e6f40303e9c9bf11a50d1562324a2d9f9e87,True,
PostgreSQL,q2,5,2026-08-04T04:06:13.609+00:00,2026-08-04T04:06:13.635+00:00,25.16,44,d7c945bcad8db1ca27d3ba6d14645d189d8cbf2e2ceac247d95e4cdc8f5ed661,True,
PostgreSQL,q17,5,2026-08-04T04:06:13.635+00:00,2026-08-04T04:06:13.712+00:00,75.97,1,9a3d1f3f694155da1dc0635e8777f636e07f15f895916bc0328a0fdce877187f,True,
PostgreSQL,q13,5,2026-08-04T04:06:13.712+00:00,2026-08-04T04:06:13.792+00:00,79.9,37,42bb5b9d31ec606514a576fd0407ed6d51e63e11a1e1ea05c6039d89c29e8ee2,True,
PostgreSQL,q1,5,2026-08-04T04:06:13.793+00:00,2026-08-04T04:06:14.023+00:00,229.87,4,4a63e850889beb8075f235a4ed15f79e0d08baf28d73d388c6b16b0106ddefe7,True,
PostgreSQL,q10,5,2026-08-04T04:06:14.023+00:00,2026-08-04T04:06:14.084+00:00,59.86,20,77da45dd0218922612cd92c6f16e238b4184b43e42c5a0d1a3c37503d4954092,True,
PostgreSQL,q20,5,2026-08-04T04:06:14.084+00:00,2026-08-04T04:06:14.099+00:00,14.5,9,103b073204ade8735df56b98bd5f8d4bcc5117a308cea568948ab9c1ae73f66b,True,
PostgreSQL,q7,5,2026-08-04T04:06:14.099+00:00,2026-08-04T04:06:14.156+00:00,56.35,4,6716e14755d4f5d95a6646ea58876b2b4239017cb84cf14b281ca4bdea3a394b,True,
PostgreSQL,q16,5,2026-08-04T04:06:14.156+00:00,2026-08-04T04:06:14.206+00:00,41.72,2762,9681ce56918cd7141173026d87c26c9fd87afc62c46b45a2dbc5be1ef159a9b1,True,
PostgreSQL,q9,5,2026-08-04T04:06:14.207+00:00,2026-08-04T04:06:14.341+00:00,132.01,175,ebb16612aaba53a9a6d425d973c561e5dd7a1b70c4f32ba19680835f9bb7f5f2,True,
PostgreSQL,q11,5,2026-08-04T04:06:14.341+00:00,2026-08-04T04:06:14.377+00:00,27.78,2541,3db7d53827190857328a4fdc4d52c9fa4bf0a5716ac267623c1e7ef6459a4373,True,
PostgreSQL,q15,5,2026-08-04T04:06:14.377+00:00,2026-08-04T04:06:14.402+00:00,24.21,1,2696a2b1087e0db9ee3147b7dd4aa013894d005203cbc28cee3b704d7daded4a,True,
PostgreSQL,q18,5,2026-08-04T04:06:14.402+00:00,2026-08-04T04:06:14.608+00:00,205.5,5,a453ae8127ad1700722b5a8ff363bc7b3632bb2fa0490cdc74eddcdf156ec65a,True,
PostgreSQL,q14,5,2026-08-04T04:06:14.608+00:00,2026-08-04T04:06:14.626+00:00,17.91,1,cc146f704c1fe2fd031ef46c782a668650161668ef04b4cb6850fe029f576d66,True,
PostgreSQL,q3,5,2026-08-04T04:06:14.626+00:00,2026-08-04T04:06:14.685+00:00,58.73,10,488b5292812c953c6be9763511c856b3e10b11829deb30c1bb1f505ba568402b,True,
PostgreSQL,q12,5,2026-08-04T04:06:14.686+00:00,2026-08-04T04:06:14.747+00:00,61.09,2,eff0114ecfe105cd72843038cb84bcc3fac7bf1f70ec22e5b279e9bc5f49021c,True,
MySQL,q3,1,2026-08-04T04:06:21.345+00:00,2026-08-04T04:06:21.780+00:00,432.61,10,488b5292812c953c6be9763511c856b3e10b11829deb30c1bb1f505ba568402b,True,
MySQL,q11,1,2026-08-04T04:06:21.780+00:00,2026-08-04T04:06:22.047+00:00,259.41,2541,3db7d53827190857328a4fdc4d52c9fa4bf0a5716ac267623c1e7ef6459a4373,True,
MySQL,q14,1,2026-08-04T04:06:22.047+00:00,2026-08-04T04:06:22.096+00:00,46.93,1,cc146f704c1fe2fd031ef46c782a668650161668ef04b4cb6850fe029f576d66,True,
MySQL,q20,1,2026-08-04T04:06:22.098+00:00,2026-08-04T04:06:22.157+00:00,56.7,9,103b073204ade8735df56b98bd5f8d4bcc5117a308cea568948ab9c1ae73f66b,True,
MySQL,q18,1,2026-08-04T04:06:22.157+00:00,2026-08-04T04:06:22.416+00:00,257.51,5,a453ae8127ad1700722b5a8ff363bc7b3632bb2fa0490cdc74eddcdf156ec65a,True,
MySQL,q22,1,2026-08-04T04:06:22.416+00:00,2026-08-04T04:06:22.436+00:00,18.99,7,fdfb6921ca2a1f59f2b8b250a64d637c968d0f223b7ec6c5e4560f860a53180c,True,
MySQL,q17,1,2026-08-04T04:06:22.436+00:00,2026-08-04T04:06:22.487+00:00,49.78,1,9a3d1f3f694155da1dc0635e8777f636e07f15f895916bc0328a0fdce877187f,True,
MySQL,q13,1,2026-08-04T04:06:22.487+00:00,2026-08-04T04:06:22.993+00:00,503.98,37,42bb5b9d31ec606514a576fd0407ed6d51e63e11a1e1ea05c6039d89c29e8ee2,True,
MySQL,q6,1,2026-08-04T04:06:22.993+00:00,2026-08-04T04:06:23.187+00:00,192.36,1,2cdce46c156af217b6a76401d58b94624f8493520129e4b1e90830abc0643712,True,
MySQL,q7,1,2026-08-04T04:06:23.188+00:00,2026-08-04T04:06:23.264+00:00,74.64,4,6716e14755d4f5d95a6646ea58876b2b4239017cb84cf14b281ca4bdea3a394b,True,
MySQL,q9,1,2026-08-04T04:06:23.264+00:00,2026-08-04T04:06:23.884+00:00,615.22,175,ebb16612aaba53a9a6d425d973c561e5dd7a1b70c4f32ba19680835f9bb7f5f2,True,
MySQL,q1,1,2026-08-04T04:06:23.884+00:00,2026-08-04T04:06:24.735+00:00,848.96,4,4a63e850889beb8075f235a4ed15f79e0d08baf28d73d388c6b16b0106ddefe7,True,
MySQL,q16,1,2026-08-04T04:06:24.736+00:00,2026-08-04T04:06:24.811+00:00,67.08,2762,9681ce56918cd7141173026d87c26c9fd87afc62c46b45a2dbc5be1ef159a9b1,True,
MySQL,q8,1,2026-08-04T04:06:24.811+00:00,2026-08-04T04:06:24.931+00:00,118.73,2,c60f2018a2cde9154f10ae17f3359590459867a81d2726859d9d85bad7e23aff,True,
MySQL,q21,1,2026-08-04T04:06:24.931+00:00,2026-08-04T04:06:25.652+00:00,719.18,47,86efdec346cfebe32bacff5819615897f64fddcba4af9d82f5de544798cd2962,True,
MySQL,q19,1,2026-08-04T04:06:25.652+00:00,2026-08-04T04:06:25.670+00:00,16.67,1,3e9305f88a3aef222e9d019af6a2e6f40303e9c9bf11a50d1562324a2d9f9e87,True,
MySQL,q4,1,2026-08-04T04:06:25.670+00:00,2026-08-04T04:06:25.712+00:00,39.92,5,607206b8c5dc00a59ce05f563a151cd1cf956663ca50fa4d396ccb61b6a3503c,True,
MySQL,q12,1,2026-08-04T04:06:25.712+00:00,2026-08-04T04:06:25.995+00:00,281.61,2,eff0114ecfe105cd72843038cb84bcc3fac7bf1f70ec22e5b279e9bc5f49021c,True,
MySQL,q15,1,2026-08-04T04:06:25.996+00:00,2026-08-04T04:06:26.129+00:00,131.47,1,2696a2b1087e0db9ee3147b7dd4aa013894d005203cbc28cee3b704d7daded4a,True,
MySQL,q5,1,2026-08-04T04:06:26.130+00:00,2026-08-04T04:06:26.226+00:00,94.31,5,92e68b5940711975eadfef9cebcb6626c1b529a23731481d64f34508cc256489,True,
MySQL,q10,1,2026-08-04T04:06:26.226+00:00,2026-08-04T04:06:26.296+00:00,69.01,20,77da45dd0218922612cd92c6f16e238b4184b43e42c5a0d1a3c37503d4954092,True,
MySQL,q2,1,2026-08-04T04:06:26.297+00:00,2026-08-04T04:06:26.314+00:00,14.88,44,d7c945bcad8db1ca27d3ba6d14645d189d8cbf2e2ceac247d95e4cdc8f5ed661,True,
MySQL,q11,2,2026-08-04T04:06:26.314+00:00,2026-08-04T04:06:26.530+00:00,208.47,2541,3db7d53827190857328a4fdc4d52c9fa4bf0a5716ac267623c1e7ef6459a4373,True,
MySQL,q9,2,2026-08-04T04:06:26.530+00:00,2026-08-04T04:06:27.369+00:00,833.8,175,ebb16612aaba53a9a6d425d973c561e5dd7a1b70c4f32ba19680835f9bb7f5f2,True,
MySQL,q20,2,2026-08-04T04:06:27.369+00:00,2026-08-04T04:06:27.502+00:00,129.31,9,103b073204ade8735df56b98bd5f8d4bcc5117a308cea568948ab9c1ae73f66b,True,
MySQL,q21,2,2026-08-04T04:06:27.503+00:00,2026-08-04T04:06:28.344+00:00,838.24,47,86efdec346cfebe32bacff5819615897f64fddcba4af9d82f5de544798cd2962,True,
MySQL,q16,2,2026-08-04T04:06:28.344+00:00,2026-08-04T04:06:28.388+00:00,34.76,2762,9681ce56918cd7141173026d87c26c9fd87afc62c46b45a2dbc5be1ef159a9b1,True,
MySQL,q15,2,2026-08-04T04:06:28.389+00:00,2026-08-04T04:06:28.535+00:00,144.6,1,2696a2b1087e0db9ee3147b7dd4aa013894d005203cbc28cee3b704d7daded4a,True,
MySQL,q7,2,2026-08-04T04:06:28.535+00:00,2026-08-04T04:06:28.615+00:00,79.13,4,6716e14755d4f5d95a6646ea58876b2b4239017cb84cf14b281ca4bdea3a394b,True,
MySQL,q3,2,2026-08-04T04:06:28.615+00:00,2026-08-04T04:06:28.766+00:00,148.56,10,488b5292812c953c6be9763511c856b3e10b11829deb30c1bb1f505ba568402b,True,
MySQL,q12,2,2026-08-04T04:06:28.766+00:00,2026-08-04T04:06:29.048+00:00,280.39,2,eff0114ecfe105cd72843038cb84bcc3fac7bf1f70ec22e5b279e9bc5f49021c,True,
MySQL,q22,2,2026-08-04T04:06:29.048+00:00,2026-08-04T04:06:29.067+00:00,16.76,7,fdfb6921ca2a1f59f2b8b250a64d637c968d0f223b7ec6c5e4560f860a53180c,True,
MySQL,q10,2,2026-08-04T04:06:29.067+00:00,2026-08-04T04:06:29.139+00:00,70.77,20,77da45dd0218922612cd92c6f16e238b4184b43e42c5a0d1a3c37503d4954092,True,
MySQL,q2,2,2026-08-04T04:06:29.140+00:00,2026-08-04T04:06:29.154+00:00,13.2,44,d7c945bcad8db1ca27d3ba6d14645d189d8cbf2e2ceac247d95e4cdc8f5ed661,True,
MySQL,q19,2,2026-08-04T04:06:29.154+00:00,2026-08-04T04:06:29.188+00:00,31.95,1,3e9305f88a3aef222e9d019af6a2e6f40303e9c9bf11a50d1562324a2d9f9e87,True,
MySQL,q1,2,2026-08-04T04:06:29.188+00:00,2026-08-04T04:06:30.042+00:00,851.59,4,4a63e850889beb8075f235a4ed15f79e0d08baf28d73d388c6b16b0106ddefe7,True,
MySQL,q5,2,2026-08-04T04:06:30.042+00:00,2026-08-04T04:06:30.133+00:00,89.08,5,92e68b5940711975eadfef9cebcb6626c1b529a23731481d64f34508cc256489,True,
MySQL,q8,2,2026-08-04T04:06:30.133+00:00,2026-08-04T04:06:30.191+00:00,56.85,2,c60f2018a2cde9154f10ae17f3359590459867a81d2726859d9d85bad7e23aff,True,
MySQL,q13,2,2026-08-04T04:06:30.191+00:00,2026-08-04T04:06:30.493+00:00,299.83,37,42bb5b9d31ec606514a576fd0407ed6d51e63e11a1e1ea05c6039d89c29e8ee2,True,
MySQL,q6,2,2026-08-04T04:06:30.494+00:00,2026-08-04T04:06:30.685+00:00,189.45,1,2cdce46c156af217b6a76401d58b94624f8493520129e4b1e90830abc0643712,True,
MySQL,q4,2,2026-08-04T04:06:30.686+00:00,2026-08-04T04:06:30.715+00:00,28.67,5,607206b8c5dc00a59ce05f563a151cd1cf956663ca50fa4d396ccb61b6a3503c,True,
MySQL,q18,2,2026-08-04T04:06:30.716+00:00,2026-08-04T04:06:30.946+00:00,229.67,5,a453ae8127ad1700722b5a8ff363bc7b3632bb2fa0490cdc74eddcdf156ec65a,True,
MySQL,q17,2,2026-08-04T04:06:30.946+00:00,2026-08-04T04:06:31.027+00:00,79.16,1,9a3d1f3f694155da1dc0635e8777f636e07f15f895916bc0328a0fdce877187f,True,
MySQL,q14,2,2026-08-04T04:06:31.027+00:00,2026-08-04T04:06:31.125+00:00,96.08,1,cc146f704c1fe2fd031ef46c782a668650161668ef04b4cb6850fe029f576d66,True,
MySQL,q18,3,2026-08-04T04:06:31.125+00:00,2026-08-04T04:06:31.358+00:00,231.2,5,a453ae8127ad1700722b5a8ff363bc7b3632bb2fa0490cdc74eddcdf156ec65a,True,
MySQL,q19,3,2026-08-04T04:06:31.358+00:00,2026-08-04T04:06:31.394+00:00,32.56,1,3e9305f88a3aef222e9d019af6a2e6f40303e9c9bf11a50d1562324a2d9f9e87,True,
MySQL,q4,3,2026-08-04T04:06:31.394+00:00,2026-08-04T04:06:31.425+00:00,29.12,5,607206b8c5dc00a59ce05f563a151cd1cf956663ca50fa4d396ccb61b6a3503c,True,
MySQL,q13,3,2026-08-04T04:06:31.425+00:00,2026-08-04T04:06:31.721+00:00,290.52,37,42bb5b9d31ec606514a576fd0407ed6d51e63e11a1e1ea05c6039d89c29e8ee2,True,
MySQL,q12,3,2026-08-04T04:06:31.721+00:00,2026-08-04T04:06:31.996+00:00,273.41,2,eff0114ecfe105cd72843038cb84bcc3fac7bf1f70ec22e5b279e9bc5f49021c,True,
MySQL,q6,3,2026-08-04T04:06:31.997+00:00,2026-08-04T04:06:32.186+00:00,187.72,1,2cdce46c156af217b6a76401d58b94624f8493520129e4b1e90830abc0643712,True,
MySQL,q7,3,2026-08-04T04:06:32.186+00:00,2026-08-04T04:06:32.305+00:00,115.9,4,6716e14755d4f5d95a6646ea58876b2b4239017cb84cf14b281ca4bdea3a394b,True,
MySQL,q17,3,2026-08-04T04:06:32.305+00:00,2026-08-04T04:06:32.344+00:00,35.85,1,9a3d1f3f694155da1dc0635e8777f636e07f15f895916bc0328a0fdce877187f,True,
MySQL,q20,3,2026-08-04T04:06:32.344+00:00,2026-08-04T04:06:32.411+00:00,65.41,9,103b073204ade8735df56b98bd5f8d4bcc5117a308cea568948ab9c1ae73f66b,True,
MySQL,q5,3,2026-08-04T04:06:32.411+00:00,2026-08-04T04:06:32.648+00:00,235.3,5,92e68b5940711975eadfef9cebcb6626c1b529a23731481d64f34508cc256489,True,
MySQL,q21,3,2026-08-04T04:06:32.648+00:00,2026-08-04T04:06:33.294+00:00,643.95,47,86efdec346cfebe32bacff5819615897f64fddcba4af9d82f5de544798cd2962,True,
MySQL,q15,3,2026-08-04T04:06:33.294+00:00,2026-08-04T04:06:33.473+00:00,177.39,1,2696a2b1087e0db9ee3147b7dd4aa013894d005203cbc28cee3b704d7daded4a,True,
MySQL,q8,3,2026-08-04T04:06:33.474+00:00,2026-08-04T04:06:33.551+00:00,75.81,2,c60f2018a2cde9154f10ae17f3359590459867a81d2726859d9d85bad7e23aff,True,
MySQL,q2,3,2026-08-04T04:06:33.552+00:00,2026-08-04T04:06:33.575+00:00,21.64,44,d7c945bcad8db1ca27d3ba6d14645d189d8cbf2e2ceac247d95e4cdc8f5ed661,True,
MySQL,q1,3,2026-08-04T04:06:33.575+00:00,2026-08-04T04:06:34.423+00:00,846.46,4,4a63e850889beb8075f235a4ed15f79e0d08baf28d73d388c6b16b0106ddefe7,True,
MySQL,q11,3,2026-08-04T04:06:34.423+00:00,2026-08-04T04:06:34.665+00:00,228.75,2541,3db7d53827190857328a4fdc4d52c9fa4bf0a5716ac267623c1e7ef6459a4373,True,
MySQL,q10,3,2026-08-04T04:06:34.665+00:00,2026-08-04T04:06:34.790+00:00,123.12,20,77da45dd0218922612cd92c6f16e238b4184b43e42c5a0d1a3c37503d4954092,True,
MySQL,q3,3,2026-08-04T04:06:34.791+00:00,2026-08-04T04:06:35.025+00:00,232.78,10,488b5292812c953c6be9763511c856b3e10b11829deb30c1bb1f505ba568402b,True,
MySQL,q22,3,2026-08-04T04:06:35.025+00:00,2026-08-04T04:06:35.043+00:00,16.74,7,fdfb6921ca2a1f59f2b8b250a64d637c968d0f223b7ec6c5e4560f860a53180c,True,
MySQL,q16,3,2026-08-04T04:06:35.043+00:00,2026-08-04T04:06:35.088+00:00,36.56,2762,9681ce56918cd7141173026d87c26c9fd87afc62c46b45a2dbc5be1ef159a9b1,True,
MySQL,q14,3,2026-08-04T04:06:35.088+00:00,2026-08-04T04:06:35.195+00:00,106.36,1,cc146f704c1fe2fd031ef46c782a668650161668ef04b4cb6850fe029f576d66,True,
MySQL,q9,3,2026-08-04T04:06:35.195+00:00,2026-08-04T04:06:36.420+00:00,1223.27,175,ebb16612aaba53a9a6d425d973c561e5dd7a1b70c4f32ba19680835f9bb7f5f2,True,
MySQL,q14,4,2026-08-04T04:06:36.421+00:00,2026-08-04T04:06:36.508+00:00,86.13,1,cc146f704c1fe2fd031ef46c782a668650161668ef04b4cb6850fe029f576d66,True,
MySQL,q16,4,2026-08-04T04:06:36.508+00:00,2026-08-04T04:06:36.550+00:00,34.45,2762,9681ce56918cd7141173026d87c26c9fd87afc62c46b45a2dbc5be1ef159a9b1,True,
MySQL,q4,4,2026-08-04T04:06:36.550+00:00,2026-08-04T04:06:36.707+00:00,154.01,5,607206b8c5dc00a59ce05f563a151cd1cf956663ca50fa4d396ccb61b6a3503c,True,
MySQL,q22,4,2026-08-04T04:06:36.707+00:00,2026-08-04T04:06:36.773+00:00,63.85,7,fdfb6921ca2a1f59f2b8b250a64d637c968d0f223b7ec6c5e4560f860a53180c,True,
MySQL,q15,4,2026-08-04T04:06:36.773+00:00,2026-08-04T04:06:36.943+00:00,168.38,1,2696a2b1087e0db9ee3147b7dd4aa013894d005203cbc28cee3b704d7daded4a,True,
MySQL,q18,4,2026-08-04T04:06:36.943+00:00,2026-08-04T04:06:37.257+00:00,312.11,5,a453ae8127ad1700722b5a8ff363bc7b3632bb2fa0490cdc74eddcdf156ec65a,True,
MySQL,q7,4,2026-08-04T04:06:37.257+00:00,2026-08-04T04:06:37.348+00:00,89.31,4,6716e14755d4f5d95a6646ea58876b2b4239017cb84cf14b281ca4bdea3a394b,True,
MySQL,q11,4,2026-08-04T04:06:37.348+00:00,2026-08-04T04:06:37.579+00:00,224.49,2541,3db7d53827190857328a4fdc4d52c9fa4bf0a5716ac267623c1e7ef6459a4373,True,
MySQL,q6,4,2026-08-04T04:06:37.580+00:00,2026-08-04T04:06:37.801+00:00,220.07,1,2cdce46c156af217b6a76401d58b94624f8493520129e4b1e90830abc0643712,True,
MySQL,q20,4,2026-08-04T04:06:37.801+00:00,2026-08-04T04:06:37.841+00:00,38.63,9,103b073204ade8735df56b98bd5f8d4bcc5117a308cea568948ab9c1ae73f66b,True,
MySQL,q12,4,2026-08-04T04:06:37.842+00:00,2026-08-04T04:06:38.149+00:00,306.01,2,eff0114ecfe105cd72843038cb84bcc3fac7bf1f70ec22e5b279e9bc5f49021c,True,
MySQL,q1,4,2026-08-04T04:06:38.149+00:00,2026-08-04T04:06:39.008+00:00,857.78,4,4a63e850889beb8075f235a4ed15f79e0d08baf28d73d388c6b16b0106ddefe7,True,
MySQL,q21,4,2026-08-04T04:06:39.008+00:00,2026-08-04T04:06:39.717+00:00,707.49,47,86efdec346cfebe32bacff5819615897f64fddcba4af9d82f5de544798cd2962,True,
MySQL,q9,4,2026-08-04T04:06:39.717+00:00,2026-08-04T04:06:40.238+00:00,517.46,175,ebb16612aaba53a9a6d425d973c561e5dd7a1b70c4f32ba19680835f9bb7f5f2,True,
MySQL,q10,4,2026-08-04T04:06:40.239+00:00,2026-08-04T04:06:40.331+00:00,89.64,20,77da45dd0218922612cd92c6f16e238b4184b43e42c5a0d1a3c37503d4954092,True,
MySQL,q5,4,2026-08-04T04:06:40.331+00:00,2026-08-04T04:06:40.436+00:00,103.36,5,92e68b5940711975eadfef9cebcb6626c1b529a23731481d64f34508cc256489,True,
MySQL,q17,4,2026-08-04T04:06:40.436+00:00,2026-08-04T04:06:40.507+00:00,69.58,1,9a3d1f3f694155da1dc0635e8777f636e07f15f895916bc0328a0fdce877187f,True,
MySQL,q8,4,2026-08-04T04:06:40.507+00:00,2026-08-04T04:06:40.574+00:00,65.55,2,c60f2018a2cde9154f10ae17f3359590459867a81d2726859d9d85bad7e23aff,True,
MySQL,q19,4,2026-08-04T04:06:40.575+00:00,2026-08-04T04:06:40.606+00:00,27.66,1,3e9305f88a3aef222e9d019af6a2e6f40303e9c9bf11a50d1562324a2d9f9e87,True,
MySQL,q2,4,2026-08-04T04:06:40.606+00:00,2026-08-04T04:06:40.629+00:00,20.26,44,d7c945bcad8db1ca27d3ba6d14645d189d8cbf2e2ceac247d95e4cdc8f5ed661,True,
MySQL,q13,4,2026-08-04T04:06:40.629+00:00,2026-08-04T04:06:40.974+00:00,343.13,37,42bb5b9d31ec606514a576fd0407ed6d51e63e11a1e1ea05c6039d89c29e8ee2,True,
MySQL,q3,4,2026-08-04T04:06:40.974+00:00,2026-08-04T04:06:41.168+00:00,192.32,10,488b5292812c953c6be9763511c856b3e10b11829deb30c1bb1f505ba568402b,True,
MySQL,q5,5,2026-08-04T04:06:41.169+00:00,2026-08-04T04:06:41.301+00:00,131.01,5,92e68b5940711975eadfef9cebcb6626c1b529a23731481d64f34508cc256489,True,
MySQL,q6,5,2026-08-04T04:06:41.301+00:00,2026-08-04T04:06:41.491+00:00,188.17,1,2cdce46c156af217b6a76401d58b94624f8493520129e4b1e90830abc0643712,True,
MySQL,q8,5,2026-08-04T04:06:41.491+00:00,2026-08-04T04:06:41.527+00:00,33.57,2,c60f2018a2cde9154f10ae17f3359590459867a81d2726859d9d85bad7e23aff,True,
MySQL,q22,5,2026-08-04T04:06:41.527+00:00,2026-08-04T04:06:41.545+00:00,16.34,7,fdfb6921ca2a1f59f2b8b250a64d637c968d0f223b7ec6c5e4560f860a53180c,True,
MySQL,q4,5,2026-08-04T04:06:41.545+00:00,2026-08-04T04:06:41.598+00:00,51.13,5,607206b8c5dc00a59ce05f563a151cd1cf956663ca50fa4d396ccb61b6a3503c,True,
MySQL,q21,5,2026-08-04T04:06:41.598+00:00,2026-08-04T04:06:42.224+00:00,623.76,47,86efdec346cfebe32bacff5819615897f64fddcba4af9d82f5de544798cd2962,True,
MySQL,q19,5,2026-08-04T04:06:42.224+00:00,2026-08-04T04:06:42.244+00:00,18.51,1,3e9305f88a3aef222e9d019af6a2e6f40303e9c9bf11a50d1562324a2d9f9e87,True,
MySQL,q2,5,2026-08-04T04:06:42.244+00:00,2026-08-04T04:06:42.259+00:00,13.05,44,d7c945bcad8db1ca27d3ba6d14645d189d8cbf2e2ceac247d95e4cdc8f5ed661,True,
MySQL,q17,5,2026-08-04T04:06:42.259+00:00,2026-08-04T04:06:42.324+00:00,63.75,1,9a3d1f3f694155da1dc0635e8777f636e07f15f895916bc0328a0fdce877187f,True,
MySQL,q13,5,2026-08-04T04:06:42.324+00:00,2026-08-04T04:06:42.591+00:00,265.52,37,42bb5b9d31ec606514a576fd0407ed6d51e63e11a1e1ea05c6039d89c29e8ee2,True,
MySQL,q1,5,2026-08-04T04:06:42.592+00:00,2026-08-04T04:06:43.477+00:00,883.28,4,4a63e850889beb8075f235a4ed15f79e0d08baf28d73d388c6b16b0106ddefe7,True,
MySQL,q10,5,2026-08-04T04:06:43.477+00:00,2026-08-04T04:06:43.568+00:00,85.8,20,77da45dd0218922612cd92c6f16e238b4184b43e42c5a0d1a3c37503d4954092,True,
MySQL,q20,5,2026-08-04T04:06:43.568+00:00,2026-08-04T04:06:43.603+00:00,31.58,9,103b073204ade8735df56b98bd5f8d4bcc5117a308cea568948ab9c1ae73f66b,True,
MySQL,q7,5,2026-08-04T04:06:43.603+00:00,2026-08-04T04:06:43.681+00:00,76.3,4,6716e14755d4f5d95a6646ea58876b2b4239017cb84cf14b281ca4bdea3a394b,True,
MySQL,q16,5,2026-08-04T04:06:43.681+00:00,2026-08-04T04:06:43.731+00:00,42.36,2762,9681ce56918cd7141173026d87c26c9fd87afc62c46b45a2dbc5be1ef159a9b1,True,
MySQL,q9,5,2026-08-04T04:06:43.731+00:00,2026-08-04T04:06:44.316+00:00,582.73,175,ebb16612aaba53a9a6d425d973c561e5dd7a1b70c4f32ba19680835f9bb7f5f2,True,
MySQL,q11,5,2026-08-04T04:06:44.316+00:00,2026-08-04T04:06:44.546+00:00,222.95,2541,3db7d53827190857328a4fdc4d52c9fa4bf0a5716ac267623c1e7ef6459a4373,True,
MySQL,q15,5,2026-08-04T04:06:44.546+00:00,2026-08-04T04:06:44.777+00:00,230.11,1,2696a2b1087e0db9ee3147b7dd4aa013894d005203cbc28cee3b704d7daded4a,True,
MySQL,q18,5,2026-08-04T04:06:44.778+00:00,2026-08-04T04:06:45.042+00:00,262.8,5,a453ae8127ad1700722b5a8ff363bc7b3632bb2fa0490cdc74eddcdf156ec65a,True,
MySQL,q14,5,2026-08-04T04:06:45.043+00:00,2026-08-04T04:06:45.130+00:00,79.16,1,cc146f704c1fe2fd031ef46c782a668650161668ef04b4cb6850fe029f576d66,True,
MySQL,q3,5,2026-08-04T04:06:45.130+00:00,2026-08-04T04:06:45.423+00:00,290.63,10,488b5292812c953c6be9763511c856b3e10b11829deb30c1bb1f505ba568402b,True,
MySQL,q12,5,2026-08-04T04:06:45.423+00:00,2026-08-04T04:06:45.747+00:00,322.43,2,eff0114ecfe105cd72843038cb84bcc3fac7bf1f70ec22e5b279e9bc5f49021c,True,
